,Adj. Close,HL_PCT,PCT_change,Adj. Volume,label
0,38.1048,2.99791736647632,1.9471867726141605,153504636.2,37.1357
1,34.3094,2.612984662979552,-1.2483054189177183,378427243.0,36.8456
2,35.7729,3.301238360649119,2.5758001525465497,242886638.3,38.0679
3,35.6911,2.0048516387063153,-0.5225956419704225,227016761.0,37.7129
4,36.3711,2.2253723138570223,0.779165362054199,170022160.9,37.3252
5,36.9911,3.271764448469641,1.3410371052227836,186905169.1,39.8714
6,37.1098,2.0569246407868333,0.8451362544430794,148286657.6,40.1625
7,36.7479,1.4454337805862096,-0.3892495561308141,111993038.9,40.1794
8,36.1976,1.3650805994689514,-0.5478473500563155,134438472.1,41.3239
9,36.9383,2.205437649300599,1.864195045543153,118984862.7,42.0278
10,37.389,1.8739809433011858,1.211922698984618,126690743.8,42.0428
11,37.6083,2.873970394968106,1.0826356318286252,123588530.1,41.2472
12,37.8376,1.223854264093188,-0.4354907889093298,139875145.7,41.297
13,36.9891,2.6772598544070365,-1.9868093664627229,125962433.0,41.0568
14,37.1357,2.2767754696156874,-0.15298742222915,95860558.06,41.4107
15,36.8456,1.8050275301520657,-0.9063379107432059,105438003.5,41.2402
16,38.0679,2.4686185726486185,1.4559613662530442,139033312.8,41.3897
17,37.7129,1.7424187253370902,0.3181417965435287,108548351.9,41.3
18,37.3252,2.6141259621435866,-0.9967905360600465,172350960.7,41.4197
19,39.8714,3.6868552335189424,1.2121165967319791,253258672.1,41.6898
20,40.1625,2.7018654658375727,0.1965886382744135,168838270.8,41.4515
21,40.1794,1.832671909769992,-0.2698067171199409,135387323.5,41.9152
22,41.3239,2.6059188719163338,2.3025810891770595,130527864.2,42.2193
23,42.0278,1.5822594568858372,0.7551638825492359,149616807.5,42.2441
24,42.0428,1.565579312295908,-0.22474043310591066,117033997.2,42.3757
25,41.2472,2.1176275953345933,-0.8435481428238377,131547814.8,41.961
26,41.297,1.3462221732152404,0.847128578440585,98296065.29,42.3997
27,41.0568,1.1522641771648838,-0.9474179423153423,86631992.56,42.616
28,41.4107,0.7611016277362026,0.4621520516639903,91955742.76,42.5382
29,41.2402,1.5034581236764808,-0.6985261363389992,92808754.72,42.289
30,41.3897,1.1102232140681878,0.6397319496384197,90107938.7,41.8035
31,41.3,1.1461812595109926,-0.4759322850774266,101625620.3,41.9012
32,41.4197,1.1455269667517218,0.7126774399050626,78293733.43,43.3528
33,41.6898,1.371559035202448,0.5021515615394845,107764168.2,43.8423
34,41.4515,1.2127423970380553,-0.43595224941752875,71182919.88,44.0337
35,41.9152,0.9509178078563287,0.8107633585950285,78047492.63,44.5232
36,42.2193,1.1210097391428049,0.04265271448982277,90263140.66,45.1024
37,42.2441,1.2305492672465084,0.3599207461644226,70442355.87,45.563
38,42.3757,1.3098611064659254,0.9546158427635509,114866210.1,45.2011
39,41.961,1.1514633727257149,-0.6630982621191315,116434433.0,45.598
40,42.3997,1.3111287211900056,0.3992318457250817,106822499.7,47.2728
41,42.616,2.1876719867914063,0.09112858525220528,113218913.8,46.2958
42,42.5382,0.8462193218896316,-0.23640329276014813,81448923.17,45.7415
43,42.289,0.9034936828993432,-0.08718066243126718,85876649.61,45.2659
44,41.8035,1.3992103205254154,-0.7738045787393644,102325333.0,45.6747
45,41.9012,2.108835587756968,1.5193547527384141,99036351.46,45.7365
46,43.3528,2.1348695357506005,1.9387090478575453,132097527.5,46.0286
47,43.8423,1.8466111716984823,0.509859032230703,133981542.6,46.3436
48,44.0337,1.314165942529758,-0.288940769406684,128059578.3,47.0186
49,44.5232,0.8451818531160428,-0.08953596136713073,97303784.83,47.3376
50,45.1024,1.9458250329581948,0.689833770153649,161115451.2,47.4183
51,45.563,1.408463218030825,1.2000613024096778,108199411.8,47.7394
52,45.2011,1.6618352769873426,-0.9720712983735273,130592692.3,48.4941
53,45.598,2.585817877998557,1.0385713937508412,128070753.3,48.3455
54,47.2728,3.4377126557482605,2.6676367427162795,210599149.1,48.6148
55,46.2958,3.6228341517229397,-2.194589158881668,175000526.8,48.2109
56,45.7415,2.88152572696052,-1.4412717839105043,180933074.4,48.191
57,45.2659,4.502689674600796,-2.54373764731718,205508132.6,48.2807
58,45.6747,1.7156597083201628,-0.15040388251881903,123173259.3,48.2857
59,45.7365,1.0881907645722986,-0.12403561219654975,85752757.87,49.2238
60,46.0286,0.798597584729253,0.06282649669454399,97239623.72,49.3994
61,46.3436,1.7468808046822963,-0.2084392037966828,114975865.5,49.5628
62,47.0186,1.7872031588178565,1.5393320059258266,93945632.89,50.2766
63,47.3376,1.73562670779986,1.077229566268302,96034112.83,50.1989
64,47.4183,1.669896357891088,0.45824329477565345,78877440.45,49.7463
65,47.7394,0.5985917717853191,0.2785316383373879,76452507.38,49.509
66,48.4941,1.9863429725577322,1.8787894066781818,106804046.5,49.5827
67,48.3455,1.8152180892157668,-0.40685577735203426,147602091.9,48.6276
68,48.6148,1.2891068286639307,0.975592531742593,89528317.11,51.0174
69,48.2109,1.2853705656171137,-0.9445127037677735,86249792.32,50.6834
70,48.191,2.0108143577318858,-0.1713148153135052,114557860.4,51.3125
71,48.2807,0.9351111629806751,0.33562486491879284,72367159.08,50.5179
72,48.2857,1.4151423767491862,-0.10302986417851212,106039344.1,49.1601
73,49.2238,2.4069549028408055,1.7956592321452531,119287429.7,49.167
74,49.3994,0.8024076304116134,0.36081573611692014,99846847.12,48.6406
75,49.5628,1.2807570334567187,0.8335181300874224,80219705.19,47.9667
76,50.2766,1.8907371689135386,1.485035596850282,96245231.83,45.1792
77,50.1989,0.6914352913037372,-0.09513062549380394,72383516.83,45.897
78,49.7463,1.2877643276606867,-0.7479868798033642,76520851.2,46.4444
79,49.509,1.4267717757265013,-0.2870003927373761,76957846.08,46.236
80,49.5827,1.041308194026652,0.09851838841682152,91630534.82,45.9767
81,48.6276,2.156850960292971,-1.1752655677469546,192032167.0,44.5381
82,51.0174,2.9099788171529792,0.3098714505365774,267518065.0,45.3905
83,50.6834,2.164478132168574,-0.33115838574052114,132036824.9,44.4603
84,51.3125,0.7572486240764945,0.4038656833528721,86215009.54,43.7047
85,50.5179,2.620116557773961,2.0419334639545914,133880556.5,43.5352
86,49.1601,3.2840415431974503,-1.4685485681300732,159963240.4,43.3568
87,49.167,1.7844541398967844,0.49114287290989345,108693246.5,43.1494
88,48.6406,2.5436638158943823,0.1643300769344796,144054723.6,43.3737
89,47.9667,3.157052990723956,-0.12243495642939264,169400538.6,42.5891
90,45.1792,3.6177192023975855,-1.0631844729079611,236085478.4,42.1544
91,45.897,2.305642271808143,1.2180034270818758,150165983.5,43.6997
92,46.4444,3.0822334038260615,2.5063563811003684,109119872.8,44.4075
93,46.236,1.924948137634996,0.09070422413251535,135785142.3,45.0556
94,45.9767,2.225431108489207,1.109246728227963,135159170.7,46.2539
95,44.5381,2.252765794441961,-0.23899759882449126,158727183.6,46.8471
96,45.3905,1.79048339713344,0.743303829046788,116602054.7,47.3865
97,44.4603,1.7286841779348965,-1.0299846403846697,122290196.0,47.2369
98,43.7047,1.5443658389975479,-0.07956195201133313,150166227.3,47.23
99,43.5352,1.978163104668889,-0.6891391577492132,97486196.53,46.887
100,43.3568,1.5204381080019438,-0.3800359356833943,114889136.8,47.1672
101,43.1494,1.9023528917165375,0.5412760880861059,117080207.7,48.2757
102,43.3737,1.4498486396180292,0.20029108046295757,87224528.43,48.1322
103,42.5891,1.7049084827301078,-0.6559319622209276,111170603.0,48.525
104,42.1544,4.491341076830596,-1.3232770829383178,166059934.1,48.3575
105,43.6997,3.0456135392007893,2.3872560964180667,127302917.3,48.3077
106,44.4075,2.1269256256865012,-0.9384717655404492,122392429.9,47.5749
107,45.0556,1.822580499562185,1.16646944838008,92601030.04,48.6028
108,46.2539,3.3114927496785977,1.953596840035617,126137228.6,48.5878
109,46.8471,1.954958511030825,0.3973280013372728,107788522.3,48.1451
110,47.3865,1.2468309006824507,-0.02531725687521853,110715539.1,49.0305
111,47.2369,1.341524333861206,0.11614574171136974,75035107.15,49.3176
112,47.23,1.6489933199420794,-0.2734403868284086,89099924.39,49.7263
113,46.887,1.7273037557407536,0.620414224675356,77124560.05,49.6815
114,47.1672,1.44777795604043,0.5163569874416358,60301840.19,48.6546
115,48.2757,2.597181069828855,1.2185891454989626,109145719.4,48.9547
116,48.1322,1.2979274827290177,-0.9070920350484293,86837381.14,49.4372
117,48.525,1.3018178949619141,-0.43784777506032213,88439578.32,49.0803
118,48.3575,1.3611779033171625,-0.012406050017058788,196498386.5,49.4542
119,48.3077,1.0031967041378809,0.02070491969596484,74900402.52,49.9217
120,47.5749,2.042053546807663,-1.4414541326311787,86615808.35,49.7483
121,48.6028,1.8377574485102997,1.029989211616532,107158181.4,49.4671
122,48.5878,1.0041608305182441,-0.2701182691084021,85914442.54,50.0294
123,48.1451,1.2500573707905556,-0.38999784828772877,127889450.0,49.2836
124,49.0305,1.922221926278619,-0.7905514232758318,112293498.6,50.4093
125,49.3176,0.8733553135239371,0.6574073129164901,69617194.61,50.802
126,49.7263,0.8633382411993021,0.5603730697362229,46707031.21,50.7602
127,49.6815,1.0807109108443897,0.43341938379245537,70974996.6,50.3604
128,48.6546,1.5079031278941253,-0.3938829406104761,104161886.9,50.5339
129,48.9547,1.3542711230112399,1.0162559685693173,84591986.03,51.0094
130,49.4372,1.0733478132297434,0.6760994762265373,73571454.27,50.7881
131,49.0803,1.32666806601956,-0.7620730651957635,83004505.6,51.8239
132,49.4542,0.8898692744017719,0.4170659995776493,72330294.98,50.7014
133,49.9217,0.9178896799376132,0.5543190355815578,69667359.16,49.6286
134,49.7483,1.282724628312874,-0.04601054425049008,69336010.55,47.0336
135,49.4671,0.9052079794204609,-0.3414818903792752,57992829.63,47.9218
136,50.0294,1.0681514099073903,0.815521302899575,76387442.52,48.4223
137,49.2836,2.0416123252440843,-1.5534954146216795,86036075.42,49.487
138,50.4093,1.779495224193381,1.7528950826488845,91579994.13,49.0803
139,50.802,0.7791445472771532,0.18280670409569974,75454494.48,48.9547
140,50.7602,0.9553893682921925,0.4836101108759728,61627245.67,51.0293
141,50.3604,1.2193618434396643,-0.8946177309849439,57179346.88,49.509
142,50.5339,1.2524235815226272,0.12244388483935716,72427562.77,49.2638
143,51.0094,1.0596922494349388,0.5918046591059243,89094837.93,50.4252
144,50.7881,1.3761076774514696,0.01181518684733445,139502756.3,51.3623
145,51.8239,4.777692170001487,-1.5641798075498425,284801424.6,51.3643
146,50.7014,5.463446449237046,-2.559706956891063,222056560.3,51.9247
147,49.6286,2.371846101153091,-0.7398221946658424,167975776.0,51.8797
148,47.0336,3.156011791551674,-2.341101013058252,215376716.4,49.4811
149,47.9218,2.074276513707052,0.3505436148292108,147268328.9,50.4222
150,48.4223,2.9560223281697997,1.864481656008075,137154188.5,49.8559
151,49.487,2.065596074955168,1.6172683852367888,111030594.2,50.184
152,49.0803,1.7434333553899815,-0.15217139218513684,100823634.5,51.0393
153,48.9547,1.4579297808375715,0.43988239711287136,92068609.98,50.9745
154,51.0293,5.629236303129672,3.9562167811226123,194686574.9,50.2268
155,49.509,1.9005803622867696,-0.1989610483856355,149670350.3,51.0832
156,49.2638,2.7462756367261196,-0.8407556132564362,114188912.5,52.0811
157,50.4252,1.624474396346838,1.083295913785358,117998548.3,52.0751
158,51.3623,1.2868883624345662,-0.1260036051031563,100054422.3,52.2954
159,51.3643,1.4483694646796865,-0.2460624186751075,110241786.5,52.9136
160,51.9247,0.9725291952296673,-0.16266321600175696,88312700.49,54.5984
161,51.8797,1.751297149186723,-0.34288546280893245,91191942.09,54.4738
162,49.4811,5.496370455939191,-3.2495160628042994,191996235.8,53.4151
163,50.4222,1.0435348770326478,0.30934992748677836,106746913.8,53.6962
164,49.8559,2.4731128706097674,-1.7718381564844663,106055698.9,53.8956
165,50.184,1.1769208302700067,0.6881884392367656,65350248.09,54.3941
166,51.0393,1.2900004161291732,0.24472303676540139,86031262.78,53.9594
167,50.9745,1.5606377743123292,-0.6664523106603115,86665648.91,53.1698
168,50.2268,1.3434688365359393,-0.3580830554304676,82148661.03,53.4071
169,51.0832,1.0494897737463638,0.3839820153356981,78697388.92,53.1578
170,52.0811,1.162088273789703,0.6026761137435219,98068515.33,53.9764
171,52.0751,0.8972360274181187,-0.37020314299598656,79293137.56,53.6932
172,52.2954,2.5437146382919273,-0.31566306399038857,111838405.7,53.4331
173,52.9136,2.3914208285539087,1.3210477235431453,130138081.9,54.6892
174,54.5984,2.741405835643541,2.529125885419395,181376491.8,54.8427
175,54.4738,1.6050131392763227,-0.7663791454517367,131975772.2,53.4649
176,53.4151,1.7477977974199965,-0.5697936754949642,162840019.5,53.9255
177,53.6962,1.1764041560006024,0.9900356969557819,86647550.88,55.429
178,53.8956,0.7881683170167377,0.3433175948405615,75296901.25,55.4419
179,54.3941,1.553707902914258,0.7609760796394475,105014479.6,54.7959
180,53.9594,1.5342074748015235,-0.4653976909043587,90864561.55,55.4349
181,53.1698,2.3299124376235847,-1.6432320040844959,237429801.4,56.1856
182,53.4071,1.0000037629492513,-0.10437144262656506,79528016.81,57.678
183,53.1578,2.4306498325640287,-1.5165887313714816,128731101.4,57.5944
184,53.9764,2.010101429212675,1.143420367198712,92064992.98,57.4617
185,53.6932,0.9756124948767646,-0.052120950388311875,78171119.57,57.2325
186,53.4331,1.6985121998107793,-0.7848736812005372,103860410.1,57.4518
187,54.6892,1.7083158687354691,1.3806808491706237,107780773.7,57.7279
188,54.8427,1.7975742520001423,-0.21760370290180428,148194921.6,58.7259
189,53.4649,2.588800342743105,-1.8394691812259931,146475308.4,58.5963
190,53.9255,2.7136814774488096,1.1027929797721305,124301369.8,59.3819
191,55.429,1.6067548089235006,0.6009303439877005,142332143.3,59.4815
192,55.4419,1.8096823445359647,0.3411554764050677,126498805.1,60.2123
193,54.7959,1.6652701180585574,-0.629093916159495,119919523.9,60.8135
194,55.4349,0.953575363126358,0.0,77929960.22,59.4097
195,56.1856,1.3868043681544895,0.9492016321309183,118610213.4,59.4019
196,57.678,2.296966171311729,1.402062218159122,171959759.1,60.7437
197,57.5944,1.470023662774055,0.406896671954818,99978948.84,62.4665
198,57.4617,1.178427403536849,-0.45423126296040284,94356182.35,62.8772
199,57.2325,0.8789753658592312,0.43573481772140416,78983535.07,62.7854
200,57.4518,1.129426290027549,0.07472708935373425,70736561.54,62.8134
201,57.7279,1.4028402883985112,0.7726240414207464,99830218.56,63.5412
202,58.7259,1.5412675596999605,1.2496314725065591,91600088.24,63.7117
203,58.5963,1.0837185852353874,-0.4960229858511996,92896301.94,64.2172
204,59.3819,0.839695563670698,0.44367688549990747,81628444.08,64.1573
205,59.4815,1.2375118340138753,-0.37417364403927506,73371267.51,64.7744
206,60.2123,1.5886531519303428,1.4069444514617637,75226576.39,64.3268
207,60.8135,1.0224524584504195,0.6517741729932436,98872235.39,65.0864
208,59.4097,2.9519560127153843,-2.2763909358879832,146240279.7,65.4185
209,59.4019,1.6943886533684844,-0.6120362670807145,127486788.5,65.2191
210,60.7437,5.0159396450991025,0.6093501038495536,142475341.8,64.4624
211,62.4665,2.7150920261532407,2.5165304243506403,154723423.4,64.1693
212,62.8772,0.9656862273451863,0.06652301091423315,105730568.2,64.1134
213,62.7854,0.7343248956271269,0.031545942363338506,81799961.65,65.238
214,62.8134,0.8361960297527976,0.1827786177725936,77670727.91,64.7295
215,63.5412,0.8643231024517075,0.26905178576219624,96909782.69,65.5999
216,63.7117,1.3979566369557115,0.5587324034805544,71535764.86,65.4553
217,64.2172,1.6217429587205636,1.5081461389024629,83731468.25,64.6977
218,64.1573,0.7206110406061522,0.15407767263100974,89201702.9,63.5462
219,64.7744,1.423680675133992,1.2829553787962935,105412620.3,64.1065
220,64.3268,1.0653942379292096,-0.42121460272542516,91440522.01,65.0446
221,65.0864,1.0476966662785638,0.7825831126801914,102456841.0,66.3027
222,65.4185,1.2124002929787057,0.49480462821291477,88604243.06,65.3726
223,65.2191,0.9846184142105063,-0.6047314751455043,77860712.64,65.7554
224,64.4624,2.1806179488988757,-0.8798393470552524,108647670.9,66.3177
225,64.1693,1.0830601451688269,-0.6405710481086223,123913340.9,66.4862
226,64.1134,0.9005370663435905,-0.3131472071747198,66680158.26,67.3914
227,65.238,1.4887210561023256,1.388146361477529,85863023.18,68.5449
228,64.7295,1.7742542594856727,-0.9926810801716174,107524696.0,68.6765
229,65.5999,1.0095445045999,0.8537219077371566,66508646.71,68.516
230,65.4553,0.7945038880630858,0.248725359112539,47584490.51,68.5828
231,64.6977,1.8200923064524717,-1.1649809120948211,96740196.99,68.4423
232,63.5462,1.2723124669415438,0.4427331540904171,119946691.5,69.5588
233,64.1065,1.0102544744875552,0.2605571794763448,68636411.11,69.6226
234,65.0446,1.1975359291859393,0.675923532571097,76193818.72,71.0034
235,66.3027,1.3812791839714889,1.208190355236966,108392783.8,70.9755
236,65.3726,2.223383284707418,-1.1442734158686014,131400976.3,71.3983
237,65.7554,1.5878695916599646,-0.045602823726846896,92407481.47,71.9176
238,66.3177,0.9688201409966934,0.7298305517245666,80530139.2,73.5616
239,66.4862,1.9582327182640593,1.3727035841545232,140605626.1,72.8488
240,67.3914,1.6150859912351136,1.3614855413604745,136505354.4,73.425
241,68.5449,1.3799437172832698,1.0389135629222122,130986387.6,73.0831
242,68.6765,1.0673118181938102,0.2970509586976521,116674305.4,74.2575
243,68.516,0.9945365582511186,-0.020429009193048,118507109.8,75.8377
244,68.5828,0.7968197466101437,0.1834723009413264,100551243.1,76.0042
245,68.4423,1.4672277603596464,-0.9849095309672031,281859051.0,77.6312
246,69.5588,1.3849528009250398,1.2406413376337617,100759210.6,76.5814
247,69.6226,0.7006712300496342,-0.15015639498445232,49484504.34,76.2514
248,71.0034,1.8515623767573066,1.7835640316975998,95272186.86,77.2075
249,70.9755,2.0303352809549207,-0.45721338260766964,149408092.8,78.0639
250,71.3983,2.621863319538079,0.7116278151262978,147230550.1,77.5345
251,71.9176,1.4341178743634224,1.2804118949307386,103085454.5,77.8106
252,73.5616,1.835522266254467,1.389177946817312,138461336.4,78.1845
253,72.8488,1.3770595647114716,0.09590678629824641,149575255.2,77.9592
254,73.425,2.4582196108074723,2.0479072708699633,121038376.3,75.6692
255,73.0831,1.1480812015256523,-0.47919929189078847,113823807.2,77.8086
256,74.2575,2.4507069346927093,2.028688806144443,135109542.8,79.4367
257,75.8377,1.3731344079641188,0.7843449948503217,174022747.5,79.321
258,76.0042,1.432775958716147,-0.085185818138802,143791287.5,75.8087
259,77.6312,1.9087024759985225,1.709766764230378,124619469.1,75.5984
260,76.5814,1.7277504715019236,-1.269879741743847,165987098.6,78.0938
261,76.2514,1.9172051222191813,-0.16575453664667347,124452720.1,78.7269
262,77.2075,1.1529635860791523,0.5231382566658391,111086571.4,79.6511
263,78.0639,1.1875613255787172,0.7800185128524973,140675344.1,78.5684
264,77.5345,0.9571937477468958,-0.1975852126454641,113142600.7,78.9402
265,77.8106,0.8440881660383261,-0.27606182554533426,103944877.0,78.4676
266,78.1845,1.2406347662313557,0.41225991639214515,106639144.1,80.3279
267,77.9592,1.8293388610417467,-0.6101649969784978,149577302.4,79.7557
268,75.6692,2.2604733883128736,-0.3530544277976565,165299314.1,79.7757
269,77.8086,1.9883131184460816,1.628886581375761,165599334.4,78.3161
270,79.4367,2.0165445076732054,-0.035109973497636025,221092872.8,79.4487
271,79.321,1.6741836273295456,1.0322173056886603,129372404.5,78.6362
272,75.8087,4.670187771664983,-3.5551987705335146,203728659.3,76.8536
273,75.5984,3.732274869223129,1.4325640306611935,177594773.8,73.2037
274,78.0938,1.9143222023622606,1.1243695411489794,139450517.5,70.7223
275,78.7269,1.8251132614826366,-0.6417586078949534,121291829.0,71.8458
276,79.6511,1.5441825126079056,0.8177963420036759,107612495.0,67.1492
277,78.5684,1.6996742579216417,-0.7242714324704075,119840872.7,67.1093
278,78.9402,2.4532121998702237,2.344690963637531,111352920.4,73.3552
279,78.4676,1.6284892318034767,-1.229912127555385,96051803.63,71.0284
280,80.3279,1.7911741339047147,1.783571527224304,115814658.3,74.3233
281,79.7557,0.8878598269882576,0.21033242323306398,96484032.01,71.9096
282,79.7757,0.9685819616907414,0.06384462551175872,81582055.01,70.9556
283,78.3161,1.635477113419162,1.1575835153494225,155561889.1,65.3427
284,79.4487,1.428836920382282,1.1307223486642137,95706433.38,70.0513
285,78.6362,2.0253274740241705,-0.7186378706502272,102409056.6,67.6197
286,76.8536,3.20295435314491,-1.749882386630931,132082808.7,60.9411
287,73.2037,5.166930965813874,0.30734700477120874,226267540.7,68.2419
288,70.7223,5.730876436740703,-4.27875739677005,234901062.7,59.4637
289,71.8458,3.974414749478946,2.1343561107920515,202355599.9,62.0796
290,67.1492,4.781631562767682,-2.699945662017764,326481344.7,60.5572
291,67.1093,8.59959643464307,6.252345223186091,434708545.0,60.0927
292,73.3552,8.539329138616344,5.85532543695596,347654230.1,56.2783
293,71.0284,6.364141666072812,-4.7232983141425215,325330515.1,55.084
294,74.3233,3.509237578427356,2.1247097297223054,223195207.9,60.6082
295,71.9096,2.794069957283105,-0.883657910950561,191010572.4,60.2771
296,70.9556,3.4078565076459024,2.494189565340498,230322184.6,63.4465
297,65.3427,5.737597011481078,0.9130290417982606,292000076.3,60.8215
298,70.0513,6.339207001828181,2.963016312096353,290518663.4,62.5562
299,67.6197,3.4445869492256675,-0.7028075590726937,261078616.0,62.4265
300,60.9411,8.87353346484175,-3.0116148417879645,426143545.3,59.1456
301,68.2419,10.656408208484153,4.941364261263511,377526630.3,60.1306
302,59.4637,7.949212750104806,0.10740758822826389,328332595.2,59.2682
303,62.0796,8.056929530058008,2.165602160500429,329994914.2,64.4374
304,60.5572,5.436048609035344,2.8790826077723586,305736080.6,63.6897
305,60.0927,4.2213652153327725,-1.0555901326773585,276839408.6,65.3187
306,56.2783,10.457136833755278,-7.258387453467114,409055319.1,65.7934
307,55.084,7.469998160806787,-1.6202546114389333,342924585.6,67.0834
308,60.6082,5.716039123374931,4.4482740793079,292800749.1,70.472
309,60.2771,5.71163218789444,-2.082710626518863,309166230.5,69.828
310,63.4465,5.002934830234545,4.834898645745894,257189423.2,70.3843
311,60.8215,3.5703215169002447,-1.984277905267768,207959340.6,69.4272
312,62.5562,2.4504648109072127,1.624366636721175,171054986.7,67.9846
313,62.4265,4.1606121390114295,-0.5133182254265529,200612509.3,65.887
314,59.1456,4.013021281379946,-2.2651710941166288,179448151.8,67.7813
315,60.1306,3.4851850832909155,1.9110892666474601,168975082.8,67.5211
316,59.2682,2.8173743482403477,-0.5670551050058567,132260413.8,69.4701
317,64.4374,5.502236043917269,4.616188888221435,205519093.9,69.52
318,63.6897,4.902808794388712,-4.198931427230554,206605691.2,68.3923
319,65.3187,2.35523800316234,1.2656913009303568,171990670.1,70.6365
320,65.7934,2.0264426997898064,-0.2598355486562399,165087641.4,72.128
321,67.0834,2.9652206025445818,1.8374751415602641,133424210.8,70.9656
322,70.472,3.665739842781769,2.520534075071925,198568402.3,71.9695
323,69.828,2.0332448893094828,0.7219357397858027,133558265.5,73.0542
324,70.3843,2.071106648431224,-0.23458606544598087,160004830.9,73.8069
325,69.4272,3.645020281991038,-0.6634626253203247,219194852.1,74.5666
326,67.9846,1.7456120603784115,-0.3697412983297971,132397817.6,76.3422
327,65.887,4.452274478148379,-2.8589289373854556,184308646.3,77.5445
328,67.7813,2.0932254497187346,0.9069241545224896,119202705.1,76.6571
329,67.5211,2.4982884375435144,-0.30475065519914674,127101830.9,75.734
330,69.4701,2.174066492553128,2.0847477054109116,128827287.9,76.1966
331,69.52,1.6420182055221901,0.49161678464408376,119233467.6,75.7489
332,68.3923,2.742764609507802,-2.277867874518658,114057488.8,77.5325
333,70.6365,2.03847080970637,1.052636096634222,139796796.5,77.0848
334,72.128,2.143580630077647,1.3205895945799793,186418930.5,78.5833
335,70.9656,4.595665246448263,0.981848607482537,245026539.6,77.9971
336,71.9695,2.5728536553443018,1.3777725189248242,136015878.9,78.5006
337,73.0542,2.218963764256718,0.8520507475461393,150459052.7,77.9672
338,73.8069,1.467489525720255,0.05680200637158309,144942340.7,78.3091
339,74.5666,1.0624162821095593,0.1675131881373125,117326629.1,78.344
340,76.3422,1.9925105633097604,1.4682837680677963,136136151.7,78.2663
341,77.5445,3.1912291441619547,2.2398105627609817,148219805.3,79.2284
342,76.6571,2.822909929508913,-2.0222573565970046,164829391.0,79.5963
343,75.734,4.204862441617747,-1.441406738016914,203747871.8,80.0318
344,76.1966,2.737256761635839,1.649137411219786,161404887.3,79.343
345,75.7489,2.5658790321052978,2.455449829914736,168939767.4,81.6041
346,77.5325,1.9876426850979159,0.5716561294456641,137481345.3,82.0866
347,77.0848,1.7634844001453407,-0.5992301691177809,103314290.4,84.6777
348,78.5833,1.0476941735099747,0.8057191822995633,113241895.6,86.8561
349,77.9971,1.5912639314366321,-0.5707197927714744,104288541.0,82.6878
350,78.5006,1.2303518566706264,0.9889118881694772,83077351.12,83.4007
351,77.9672,2.4478118454018976,-2.095657622610843,127477207.4,84.4324
352,78.3091,1.7980612908206535,0.6264327641682993,114704565.5,86.6696
353,78.344,2.4764147907898577,0.4705227560399158,135880705.9,86.549
354,78.2663,1.4793962779544785,-0.4097302015694483,155990895.7,86.5839
355,79.2284,1.6188582061550154,1.2899613139451342,82280726.63,86.0884
356,79.5963,1.4144586845597944,0.8095535423666808,89008125.24,88.3416
357,80.0318,1.210138899392487,0.1396392901919789,106118990.3,90.2278
358,79.343,1.507501415182146,-0.6391712813731038,88924384.59,88.6327
359,81.6041,2.6349689512029406,2.519903063256386,139388299.2,89.809
360,82.0866,1.920365580614903,0.9712535517915878,97144649.91,87.0525
361,84.6777,4.098682592528697,3.566588716463474,150013438.6,89.0584
362,86.8561,2.5064792382669494,1.4203692913450106,169247869.4,89.7991
363,82.6878,4.6465923415323465,-3.8377537278544134,204803969.3,89.6296
364,83.4007,4.060699613486648,-1.717455375503332,203263944.2,89.6296
365,84.4324,3.941818750358799,2.9239167270076503,140971299.1,92.0283
366,86.6696,2.4590463373561366,0.17626573243902466,168005792.3,91.7442
367,86.549,1.2275198637451836,-1.0024546642051277,116188739.8,93.8787
368,86.5839,1.2107140281367759,0.09109289510098374,98328662.42,94.2156
369,86.0884,3.3077577653568184,-1.3863894880450727,268595833.4,94.4479
370,88.3416,2.3643790641741904,2.142951292777504,137555243.0,94.0122
371,90.2278,2.792617013164691,0.697635227509889,215460455.0,95.5685
372,88.6327,2.8647733607690475,-1.3537156785273112,195624099.9,96.2275
373,89.809,2.0773569793400464,1.1462847669588812,139664850.2,95.0421
374,87.0525,3.484238762069921,-2.9562652445142175,208454353.9,94.8507
375,89.0584,3.0989912493220455,2.416832266136754,132681293.7,96.8485
376,89.7991,1.6627416109692439,1.3091347233206214,142407696.0,95.5117
377,89.6296,0.9470568010823484,-0.27726226874413307,112462313.0,95.7798
378,89.6296,1.8743737286062434,-1.0195156858760948,115818017.5,91.4201
379,92.0283,1.5965152561882086,1.0420600971462215,120504080.5,91.1938
380,91.7442,1.7158042354892697,-0.7227408531999477,114175814.6,93.3562
381,93.8787,1.3666233469049338,1.2341725059363144,118915948.1,91.8219
382,94.2156,1.7389028284793824,-0.6037690464711197,127599879.4,93.5846
383,94.4479,1.3459142157966628,0.6148883517434139,91663356.63,94.7161
384,94.0122,4.940513189024031,-1.8372840439461218,194634667.1,104.64
385,95.5685,3.5957035032091653,2.3379507673592848,173653052.3,107.263
386,96.2275,2.8572120211930607,-1.2764730685932348,155584463.8,107.981
387,95.0421,1.5667358522534751,-0.03986116954143183,112300262.2,108.369
388,94.8507,1.3659117593451964,-0.6785432681282533,93622996.78,112.158
389,96.8485,2.538019547624208,2.0140852191572414,91724887.75,109.596
390,95.5117,2.5933643716833648,-2.1938659001516525,105260439.5,111.211
391,95.7798,1.4223251109926685,0.5999458032152456,90388127.74,107.901
392,91.4201,5.507590625020682,-4.2838730752358085,200073384.9,111.49
393,91.1938,4.28848259213732,1.7904960056792274,188327648.8,113.444
394,93.3562,1.5262066897567812,1.1722631929731375,123102478.1,113.344
395,91.8219,1.396474940887792,-1.1834707968868363,105239788.7,113.055
396,93.5846,1.6141529625314863,1.3769383676276925,91736415.8,113.982
397,94.7161,2.699576407489272,2.128373059944664,160593383.6,114.132
398,104.64,5.563569839785955,3.2859215682403624,380126276.6,116.674
399,107.263,3.482198331858489,0.6927951185167796,312951800.2,122.675
400,107.981,2.2321135735369824,0.48296141892016825,175484140.5,124.151
401,108.369,1.3858966826147414,0.6202356524080616,123892354.0,123.125
402,112.158,4.2040125426644845,3.1632005445230433,205582353.3,124.809
403,109.596,3.0689620309010177,-1.866045845272209,200768792.6,123.303
404,111.211,3.436581297403901,0.11703171559492213,215324030.1,123.115
405,107.901,3.094833272941813,-2.3104850026708252,190486085.5,127.292
406,111.49,2.7029014144050607,2.2778353683708294,168226607.8,132.356
407,113.444,1.844502971847522,0.5032070590736719,212970750.0,129.605
408,113.344,1.7162840746054533,0.06179705846001128,167841774.5,119.236
409,113.055,1.870863283752041,-1.245621544186361,121205447.3,119.316
410,113.982,1.7464453079843967,1.0514557253803263,107086030.0,111.3
411,114.132,1.3548828399045898,-0.23513780473946141,147539193.6,115.737
412,116.674,2.30569766626954,2.191430473320963,128652197.4,111.958
413,122.675,4.704542170006211,4.27912037469929,342702983.7,110.483
414,124.151,3.897208568133675,-2.206345705463484,350694505.4,113.793
415,123.125,1.7243367935409488,0.09755700987765095,214403911.1,113.962
416,124.809,1.5440979792985507,0.2715491961983063,165263868.3,110.613
417,123.303,2.938022381034242,-1.6934152933578968,157691271.5,108.848
418,123.115,1.5005899825039624,-0.9541355258606181,190209877.5,105.398
419,127.292,3.9544295242616054,1.1490234095640686,228806161.5,108.589
420,132.356,3.2513569969792835,1.0652026175731566,154566647.7,110.294
421,129.605,8.633707936913346,-4.516856250368362,202870681.3,105.658
422,119.236,6.9185987818420465,-4.7620569018674335,261141704.9,106.744
423,119.316,11.566417071230708,0.7319605906339475,337180601.5,110.762
424,111.3,5.596387222137263,-0.9856949683296599,234547916.8,113.394
425,115.737,3.36696190618596,0.051868565056137406,179373434.6,112.536
426,111.958,7.10565677317042,-5.710050699860197,184780712.8,114.232
427,110.483,4.749836419098873,-2.2412755716004824,183347202.6,115.209
428,113.793,2.7597052480230033,0.5549418989970398,142077189.0,111.5
429,113.962,4.590962629831885,-2.366265720845756,187180917.7,114.919
430,110.613,3.5268677107932382,-2.6833710178334176,157158334.8,111.64
431,108.848,3.216360635252206,0.5719354332018218,180458666.7,113.514
432,105.398,4.497420217848278,-3.222015113812703,291052652.2,113.404
433,108.589,6.872548152080932,5.3076147251638925,198404934.2,115.388
434,110.294,3.3979996471058085,-0.7799498025386641,185572435.4,122.705
435,105.658,4.998670818775635,-4.038000435951463,152791095.3,119.456
436,106.744,5.0060826076042275,2.8917334978408387,170049864.2,119.546
437,110.762,4.450261780104711,3.5604091478579645,152043727.6,119.076
438,113.394,2.2406974653963645,-0.044074609498957334,139565435.9,117.412
439,112.536,1.5308672831791956,-0.40709405642677066,101436385.8,114.401
440,114.232,3.2111565159977906,1.767514788682199,144637006.2,115.917
441,115.209,1.6314955667784001,-0.713565500659275,117717127.5,115.289
442,111.5,2.7921808097414758,0.11672802370476379,146701815.2,114.172
443,114.919,2.73284051139205,2.270219279510183,107704722.4,113.474
444,111.64,3.4398367228985274,-2.174865494821331,163718855.0,113.484
445,113.514,1.240051165434907,0.3971167027815841,98180685.43,115.019
446,113.404,1.5791568983058315,-1.1040376733234545,84624986.38,109.685
447,115.388,1.8208444342502312,1.4730066043460392,101888861.8,113.753
448,122.705,4.930696603241234,3.60185411899797,243529953.6,107.383
449,119.456,4.789460306701691,-3.32381052580465,265937564.8,107.293
450,119.546,2.8474576271186436,0.15918764033648242,153139455.7,108.947
451,119.076,2.5835514179072425,1.6761589234329184,114106938.2,113.384
452,117.412,2.2960163135755933,-1.8589722157210116,116980503.5,117.412
453,114.401,4.1251029960905345,-3.327727967956466,122298161.2,117.282
454,115.917,2.91095289867779,1.1306828591619393,126134588.5,114.939
455,115.289,1.93611853502686,0.17377855398865472,91182762.17,114.591
456,114.172,3.007917901534928,-1.4628841689178174,103390315.6,118.08
457,113.474,1.9897805297801705,-1.163661701942338,83708040.0,117.801
458,113.484,3.2408405172413746,0.9132379487270699,113388632.9,117.851
459,115.019,2.399412316570193,0.9709164011131379,93545601.42,118.878
460,109.685,3.893745551439048,-3.3476084734411833,145917006.6,117.98
461,113.753,4.21658444914259,2.617002850647707,148138489.0,116.625
462,107.383,3.978502720102408,-1.9745129899768232,193193911.8,117.233
463,107.293,3.145753233135266,-0.3140359190196076,124556352.2,115.947
464,108.947,2.5379243471045045,0.718313765369327,109104313.5,112.496
465,113.384,2.8692074491121757,0.7087915016076615,140136257.7,113.793
466,117.412,2.351481928024355,0.9171000042975697,128124930.0,114.65
467,117.282,2.6501089324618707,0.3156193066639294,115831911.7,115.209
468,114.939,5.120781372634516,-3.4742517383855698,156370168.1,117.641
469,114.591,3.0228062708377723,0.36699015520442574,139680268.1,121.26
470,118.08,2.7472861749189557,1.9627483658155345,113642980.3,121.619
471,117.801,1.6583733772607374,-0.34599441671600695,104591330.8,121.479
472,117.851,1.5403769372772909,-0.151656358552912,82669203.97,120.802
473,118.878,2.408689097512504,1.1632953510735204,92277609.54,122.287
474,117.98,1.433420387746597,-0.13543253766717167,75162547.69,122.895
475,116.625,1.55581285646898,-0.49316143784715655,77238306.94,120.333
476,117.233,1.9258758706726262,0.9020097258682289,75002648.44,121.779
477,115.947,1.2640534267496044,-1.1053964842250645,74487856.99,120.961
478,112.496,3.3867696249377284,-2.8506783422713906,129495384.5,120.333
479,113.793,2.8860327161603436,1.0990084935498854,115241201.4,126.354
480,114.65,1.3840921673565056,0.42746272840349636,77417556.03,126.285
481,115.209,1.0849972570294022,0.017362769014411302,47251828.91,127.172
482,117.641,3.5589285095470804,1.7770164464861984,171443832.2,125.168
483,121.26,2.875259279245853,1.4083093597377498,129705360.0,126.704
484,121.619,2.052638628448967,0.8683608134558578,90072631.33,130.313
485,121.479,1.2876567132044787,-0.4743646463156923,79915584.38,129.395
486,120.802,1.1043190032813162,-0.2790160145286395,79199884.98,130.403
487,122.287,1.8898693730236147,1.1790306299746913,87657854.15,135.078
488,122.895,1.5325292487811213,0.00813768970988396,82993188.18,133.264
489,120.333,4.093973203084485,-2.204071681092286,116255442.7,132.137
490,121.779,3.089996462800449,2.269978837045251,82287934.55,131.12
491,120.961,1.824958447358253,-0.016531521478575992,87983441.24,127.88
492,120.333,1.49382983329726,-0.6661713719663218,80025242.84,129.445
493,126.354,3.0396425484728358,2.8480729315046154,159463812.7,125.108
494,126.285,1.4192165924409659,0.3089851941284837,99387519.34,129.355
495,127.172,1.2140948827797837,-0.1570203812454879,95492537.94,130.482
496,125.168,2.359784963491938,-1.776633812543157,194852828.5,127.452
497,126.704,3.940054763973841,2.5669254369277783,122707096.7,127.272
498,130.313,3.657537133446255,0.20762363218318694,171384781.6,129.325
499,129.395,1.2730621594848792,-0.9158364665252567,89282760.39,127.382
500,130.403,1.808777550468977,0.5001772585045555,55589463.14,125.627
501,135.078,2.8796228217120126,2.02574095894137,125980611.3,126.304
502,133.264,3.312365814154952,-2.309147154984076,122500417.2,130.462
503,132.137,1.9435888877087977,-1.3402323567183254,97609967.91,135.258
504,131.12,2.2903813204459325,-1.0310523376054719,100306414.6,137.411
505,127.88,5.395631765494768,-3.0749524394218577,145022130.4,141.229
506,129.445,2.577579549573687,1.6354956737488409,98837299.15,141.468
507,125.108,3.680067900295477,-0.8613653472799946,156949697.4,140.372
508,129.355,2.9516994633273583,1.9876373842975752,110893569.5,135.477
509,130.482,1.8360813687858393,-0.28962028411825574,106420600.5,130.393
510,127.452,1.3121003055791916,-0.16293279022403134,101828767.0,132.546
511,127.272,2.2262459319762593,0.23627256402987382,93054957.41,133.383
512,129.325,2.301476032198597,1.645026408450696,89700856.79,132.346
513,127.382,1.7314826458752537,-1.4345847906156066,91304807.31,135.766
514,125.627,2.5426902635122657,-1.2769936818281835,112938197.1,135.347
515,126.304,1.3830541981872817,0.03881034414479157,91846811.51,135.496
516,130.462,3.069547007604971,2.6193247962747255,105571775.3,134.6
517,135.258,4.546728582575152,2.300006806991534,121976420.8,133.982
518,137.411,3.5798610330327487,2.0353456597609076,115833367.1,133.722
519,141.229,6.251482272026563,-0.10539122069909922,159503736.1,133.962
520,141.468,2.0768305604077852,-0.31006003889843964,99571668.32,131.808
521,140.372,2.766185935551755,-0.9637500176381671,142534495.6,129.475
522,135.477,3.8597062655454213,-1.7278523709007065,144333199.4,128.368
523,130.393,5.012511851287702,-2.8512889286246446,179654866.4,128.528
524,132.546,3.40664012677307,0.2867584192725799,107515161.0,124.699
525,133.383,1.2751496195603125,-0.5502494016596949,84305392.52,124.56
526,132.346,1.6155786316435352,-1.3447633246366024,90959898.46,124.051
527,135.766,2.09950069181255,0.7988714826638901,85193622.57,119.724
528,135.347,1.1491260691707073,-0.4259670703176577,76488184.87,119.994
529,135.496,1.5226981642236987,0.6507205467241158,72045430.73,126.454
530,134.6,1.4906277893484012,-0.4496775338737383,77579906.73,123.823
531,133.982,1.9414409672616761,-0.8040394467971782,73813136.21,120.792
532,133.722,1.965613102072886,-0.5710461744367615,64954604.96,118.888
533,133.962,1.3633924590188728,0.765735948970996,60776312.03,120.154
534,131.808,2.4282963876142443,-1.6952439197201665,81421910.02,115.149
535,129.475,2.1244214814757068,-0.3148963690677773,99114588.37,119.824
536,128.368,2.0400393413496642,0.3973095573283244,97873193.36,118.748
537,128.528,1.4773030393372106,-0.28627508786085,88588858.27,120.692
538,124.699,3.279941432490474,-1.5591202614585538,105006950.7,119.764
539,124.56,7.03720457823716,1.7007274835275181,159933988.4,122.695
540,124.051,2.728152049007529,0.3299822877154398,112205193.1,124.271
541,119.724,4.914239726371909,-2.965562516716235,149754794.1,123.463
542,119.994,3.0174929544582856,-1.0848240046162745,166287343.6,119.276
543,126.454,4.184875194430037,3.2555708884842405,117528464.8,118.748
544,123.823,2.965735209719279,-2.556818181818189,103334103.7,122.107
545,120.792,3.1839896493381534,-2.20300697092614,114151844.7,121.26
546,118.888,4.195345509063648,-1.3230192061884714,180024589.7,118.848
547,120.154,3.71911126391336,0.36754264329986275,155380276.9,119.336
548,115.149,4.117427108061809,-3.7738687168345004,155996686.3,119.944
549,119.824,2.7483604256513594,1.7173029091433825,130885065.4,120.124
550,118.748,2.2678057858230396,-1.3901114414309614,113118096.2,118.668
551,120.692,1.611747254029366,-0.46841497608445654,104107708.1,120.881
552,119.764,1.6738743322309755,0.5102554634260884,89029652.7,121.719
553,122.695,2.9611666778545986,2.123285390864286,93562229.99,124.6
554,124.271,2.011943636407837,-0.10450076767871276,116437175.3,124.909
555,123.463,2.8817801124959774,0.5767585841717229,113107293.3,126.564
556,119.276,2.3699150122610795,-1.9103775524469835,122744497.5,129.007
557,118.748,1.4564459341939804,0.06741497286547198,187496739.1,131.619
558,122.107,2.998731273683594,2.5368221285457575,113086727.8,129.874
559,121.26,1.7158789122287383,-0.6456476140534845,96469005.31,133.024
560,118.848,2.357386927906548,-2.214104114728608,89459553.0,130.661
561,119.336,2.2255054300294597,0.8680658276208919,99881989.99,133.094
562,119.944,2.143749309632849,0.7035749668362703,95058447.9,132.765
563,120.124,1.5266664434698165,-0.2151466569199973,81667345.38,133.433
564,118.668,1.2964269622803561,-0.16825386142611018,86570988.05,131.728
565,120.881,1.962730639618293,0.4136796723789943,119565552.5,132.117
566,121.719,1.3818991832357161,-0.5376827345007651,75877143.73,130.571
567,124.6,2.5207531057813046,1.6429282299773185,89581507.86,132.915
568,124.909,1.1700750295534401,-0.23083435837632174,81012596.33,133.314
569,126.564,2.2132861768529506,1.6333413635268543,84342642.79,132.984
570,129.007,1.4577534556776894,1.094741791395663,89776956.21,132.197
571,131.619,2.7550359403413758,2.4607264631241352,107806308.4,132.097
572,129.874,1.704237773273717,-0.9729317575295543,92379372.99,130.093
573,133.024,2.062637387887641,1.490032119996035,92224324.5,131.169
574,130.661,2.53985554523616,-2.1500464308180876,88138126.63,126.514
575,133.094,1.0093983683283365,0.5044326642804331,90284739.34,126.764
576,132.765,1.0364147781981536,-0.09782158847211998,85813587.85,128.398
577,133.433,1.5944588009730545,0.9884429374768088,95253453.9,129.076
578,131.728,2.819622363791079,-1.410052989252452,95807339.23,125.746
579,132.117,1.8648072468118198,0.859601041292895,69569640.0,124.819
580,130.571,2.085464038817921,-0.8263772320919907,85453924.13,121.699
581,132.915,2.23333409791193,1.6239649517168577,79583278.86,123.882
582,133.314,1.115927884579007,-0.08169506007210815,67607192.32,126.334
583,132.984,0.9697472026523046,-0.4625679256298521,66708595.74,125.178
584,132.197,1.4525546891016503,-0.5327113351642139,108890965.7,123.763
585,132.097,3.4902083444587833,-2.192391417020824,152686653.7,123.603
586,130.093,1.9137206522996257,-0.2453743108432607,110992156.3,126.195
587,131.169,1.696279376370148,0.3811098101338621,75923591.98,124.341
588,126.514,3.7680026794685677,-2.549605619916207,139008365.9,125.996
589,126.764,1.9441856057614886,-0.8571875488815921,84882432.26,125.796
590,128.398,2.068263834793245,1.457085512903578,78948237.74,125.746
591,129.076,1.3751675133231418,-0.48494660961413905,79666723.61,124.191
592,125.746,2.157414920528856,-1.982243216487768,88844567.87,123.523
593,124.819,2.8586923475131263,1.9538173768858142,127250464.8,123.195
594,121.699,1.9582439346426723,-0.5133780767941665,113157247.2,123.972
595,123.882,1.5295311548609705,0.31499761120064296,106790889.5,122.467
596,126.334,1.6151139396756953,0.9396123300148628,82637258.82,124.799
597,125.178,1.4063394073226283,-0.4279487097903184,74896552.81,124.809
598,123.763,1.7729378380344871,-1.3581260411104064,63899131.33,125.637
599,123.603,1.6783124912758927,1.241737449523693,93425199.29,126.026
600,126.195,2.090943545330659,1.6545702064587746,77531992.02,125.019
601,124.341,2.2252479435389665,-1.8649766384644524,79991714.89,126.235
602,125.996,1.5819109484256937,0.8621586788238764,63646953.47,129.335
603,125.796,1.5763247835947265,-0.7166308877383406,72641785.2,128.518
604,125.746,0.7556172603089515,-0.08740147470124542,57072703.58,129.016
605,124.191,2.042890209773291,-0.9230302836902037,95456492.33,130.641
606,123.523,1.009209236775398,-0.7695953599344466,71937278.84,129.315
607,123.195,1.1444385657889313,-0.6419820793444737,68231028.36,131.15
608,123.972,0.9645020940918089,0.6225396696562606,59799379.24,132.815
609,122.467,1.3968768945910945,-0.9110548332025314,76898525.69,132.536
610,124.799,1.8767564045126885,1.4749766231654324,75829392.52,132.257
611,124.809,1.1918902976089423,-0.21586357422108912,71681494.02,131.957
612,125.637,1.7775220192138654,0.10357988000668922,75057101.03,133.602
613,126.026,0.9623127396812438,-0.055513259738617704,57377372.06,135.148
614,125.019,1.7805509054938358,-0.7123796816925501,71811497.35,135.776
615,126.235,1.0519242614531736,0.636175928952384,53992343.4,136.075
616,129.335,2.722163123382513,2.076493244096488,97757408.27,138.747
617,128.518,0.924619354637525,-0.23211222121304376,63297296.19,140.78
618,129.016,1.8862590504311234,-0.16250599724514259,92621238.49,143.313
619,130.641,2.2337545126353864,1.5255132967562397,97570965.31,141.996
620,129.315,0.9736185769832579,-0.19295334388144947,109910009.6,143.851
621,131.15,2.474041689437101,1.53600792778286,80362825.41,143.243
622,132.815,1.864767919553615,1.4002030828898873,75440280.25,144.379
623,132.536,0.8078620804530746,-0.052034237019711486,60742930.52,147.849
624,132.257,1.2786656346279366,-0.76308957486081,69314337.64,147.181
625,131.957,0.8096673983548429,-0.2645362679223279,71405285.08,145.117
626,133.602,1.4100168687640449,1.0169594047952084,62656691.15,141.21
627,135.148,1.6024148857885068,1.142027510439884,65122936.85,144.878
628,135.776,1.1314871185685655,0.5837555930897642,63816880.21,144.14
629,136.075,1.1554465745281455,0.48590649623015353,52946650.51,145.527
630,138.747,1.6359948151999655,1.4952122484510297,79638779.63,147.261
631,140.78,2.1972244827412286,1.3848779679814498,109131717.8,147.69
632,143.313,1.5655715679757871,0.7217856992254943,105832799.0,145.497
633,141.996,2.4161795818840317,1.1785495432586084,106502498.6,143.722
634,143.851,2.108084408237174,1.6557367781326775,100767924.1,144.379
635,143.243,1.6133777952138075,-1.1694655645862322,76969693.11,144.589
636,144.379,2.6610762294045873,1.1029102826251285,101712443.3,144.26
637,147.849,1.280798945304762,0.7132055421588241,128166395.1,146.075
638,147.181,1.975791242327607,-0.5123733430670624,107758266.3,145.675
639,145.117,2.6609685427601217,-1.3889549540979005,94070249.85,145.785
640,141.21,1.6961945995214802,-0.9024814731641598,122500867.6,145.087
641,144.878,2.8980087215456045,1.8718006412780404,97196067.27,145.037
642,144.14,1.0357598711054479,-0.09010882373329443,75651963.97,144.559
643,145.527,1.6209036382126403,0.5930779918296081,78017248.66,144.809
644,147.261,1.2187167427649264,0.6823325106144346,72074783.99,147.809
645,147.69,1.4438608593499045,0.48852842718340184,73070120.75,148.018
646,145.497,2.5081433224755703,-1.577498325768282,105738971.7,150.032
647,143.722,3.1111331290384125,0.09750525831929824,119975505.1,149.106
648,144.379,1.3633541022724749,0.660243181437896,57197343.61,145.307
649,144.589,1.542133926946375,1.0235879377323185,71059152.51,145.645
650,144.26,1.1695175392906483,-0.5700028258906713,63432099.11,147.111
651,146.075,1.9607979377575218,1.0556973759763,65355499.06,148.626
652,145.675,1.0247781141599992,-0.21235058396410744,56863231.59,148.537
653,145.785,1.1352813703432831,0.054905459661634175,46805083.38,147.281
654,145.087,1.013978516935364,-0.14453154573047478,54520407.21,146.463
655,145.037,0.807037700980763,-0.07578523841346031,49264338.83,147.52
656,144.559,1.6449466241508521,-0.5695144682812101,69524996.24,152.026
657,144.809,0.813902788447555,-0.12965785499011467,48846092.97,150.74
658,147.809,2.1962994426372218,1.8410191749863902,74315612.21,151.418
659,148.018,0.7996412824153599,0.08722758284929283,59806766.7,152.545
660,150.032,3.2217691191538833,1.74420181744202,104311830.9,153.183
661,149.106,1.7445002972812236,-0.026149049582631454,92900401.41,155.556
662,145.307,3.1268737465281693,-2.2922886575755266,86953726.94,153.981
663,145.645,2.4117884875437454,1.1486829037925954,87592659.89,152.953
664,147.111,1.1631497683993777,0.504191346764772,60989928.62,147.889
665,148.626,1.562542571451913,0.9474906779143049,60569070.82,148.467
666,148.537,1.1521733257692335,0.11390596355009916,48959878.98,147.041
667,147.281,1.711388125924358,-0.9715853314148118,59420264.37,147.949
668,146.463,1.089160970479981,-0.5621524736745647,48950579.7,147.709
669,147.52,1.2999485508488986,0.7560804026964814,56208166.58,145.007
670,152.026,3.2908560970649967,2.7765195816629364,91618133.11,141.908
671,150.74,1.0019839948868827,-0.5462894542383636,87081778.33,142.396
672,151.418,1.7203419526740698,-0.210232178044899,80897729.02,144.799
673,152.545,1.5088428899992172,-0.13682129436872564,71688853.4,145.775
674,153.183,0.9894932136818426,0.34587796010611616,58286851.73,145.865
675,155.556,1.8600797270230236,1.1147873453760722,82876563.54,144.33
676,153.981,1.9960354065670858,-1.195426195426195,74961368.91,140.88
677,152.953,1.4028383922320478,-0.9108636360691672,57722440.39,141.798
678,147.889,4.558325430158504,-3.887672140949236,141917769.2,140.472
679,148.467,1.8026681113293197,-0.7201893757021331,103148982.7,141.618
680,147.041,2.8295224709471802,-1.4893075356415566,110091064.2,138.139
681,147.949,2.092666377643357,0.31800922158938333,83886911.94,140.083
682,147.709,1.1864116862235359,0.23615474922130905,68528873.09,140.97
683,145.007,2.093857327464084,-1.8492070475636082,130813191.9,142.256
684,141.908,2.5377561643444886,-0.5995909332885202,124376764.1,141.868
685,142.396,1.279735869289176,-0.34851008439823844,76385404.32,141.778
686,144.799,1.9009567868783637,0.967143614202438,76959931.42,140.482
687,145.775,0.9862437668148945,0.12363061918335577,65309654.65,139.883
688,145.865,1.3036348161833295,0.8685489838115195,53866744.46,142.724
689,144.33,1.487561631555353,-0.06854579066530236,74689931.49,143.801
690,140.88,2.1690447245505062,-0.9394160994543601,109764753.9,145.497
691,141.798,1.710638297872345,0.25452848597973227,75144527.89,147.68
692,140.472,2.2038901406040408,-1.5095530236634471,89704257.13,148.178
693,141.618,2.736244560455869,0.5309860154752541,95327771.89,148.398
694,138.139,2.8476517254190767,-1.8418116832822795,99036976.36,147.61
695,140.083,2.0620568529239636,1.152454743044476,81449059.58,147.56
696,140.97,2.7291058520357243,1.807650920435906,83826277.56,148.238
697,142.256,1.048077465981603,0.16194217960091092,62181557.29,147.769
698,141.868,1.1418235260867207,-0.7874456270892518,59200535.19,151.478
699,141.778,2.1253018894729294,0.3816226396391841,64920896.46,148.716
700,140.482,1.5734253247912715,-1.2053784916593988,73566953.58,147.879
701,139.883,1.5723702776431099,-0.23464468091174748,79335460.26,148.936
702,142.724,1.6813541948434638,1.165296285795277,70415444.04,150.402
703,143.801,0.9650748196187429,0.7475443832583538,68434376.73,149.872
704,145.497,2.574476169033106,2.1633805190428164,86211555.04,150.411
705,147.68,1.7807927311215899,1.1957378284852878,76934297.47,149.574
706,148.178,1.111934766493693,0.3779975613060511,58843591.75,149.942
707,148.398,1.2023816011771664,0.45285624352698706,61867625.65,147.061
708,147.61,1.0409325020330722,-0.6702286583314139,59311626.01,147.011
709,147.56,1.18387204629043,-0.027100271002704637,51089380.67,149.126
710,148.238,1.2336999506519943,-0.006745453564291529,61336193.59,149.135
711,147.769,0.8384777152160574,-0.3432741202336059,56502834.65,150.132
712,151.478,2.3076509055679693,1.8435348537005292,100805624.7,152.605
713,148.716,2.4071768129501816,1.7592117417633157,125861791.0,156.962
714,147.879,1.2901862693647217,-0.020282741415330464,75130641.66,159.623
715,148.936,1.972623161889274,0.9188236888467235,69624621.19,160.091
716,150.402,1.4414802065404513,0.7354123131329265,54907925.63,160.471
717,149.872,1.1928801636866895,-0.411320278289067,60833787.81,160.999
718,150.411,1.4296725761587252,-0.4025983485521716,65843820.01,155.904
719,149.574,0.9417659115570468,-0.6423499246052468,55340196.13,159.324
720,149.942,0.9155802808405201,0.4071410395489333,57117513.85,164.348
721,147.061,1.5463531780857303,-1.4039086855955174,65565422.42,163.82
722,147.011,1.1885139829180944,-0.7339734500128411,41237903.93,162.813
723,149.126,1.9853638242294875,1.0544148539676164,64174311.14,160.899
724,149.135,1.6437028411423658,-0.24681613869863,59566518.12,164.368
725,150.132,1.443321187793396,0.708363519278765,59600118.3,170.191
726,152.605,2.6498447929017597,1.6539880896870383,89322414.97,174.069
727,156.962,3.6687782567553353,2.7144109832868693,138627592.0,173.551
728,159.623,2.8697188755020133,1.8380523407893228,117986411.4,178.416
729,160.091,2.921828438630353,-0.4031380063332459,118149644.8,174.727
730,160.471,1.7142170624984274,0.18104519262583704,96599304.55,173.321
731,160.999,1.558030820407503,0.7358139942311105,69866773.56,178.266
732,155.904,2.6161743515850193,-1.7283763851594056,77406408.13,171.268
733,159.324,1.5030593242883865,0.5471515931767096,89263290.18,170.151
734,164.348,3.4986321184868503,3.321283751925323,175058190.2,168.765
735,163.82,3.5040744340724164,-1.6167002978764338,153307630.1,171.996
736,162.813,4.053743976748345,3.1650382085693494,137532775.7,174.627
737,160.899,3.2769542712491844,-1.3325402276295144,118708094.0,175.265
738,164.368,2.1912423774888006,0.6281299359625706,108120869.9,179.294
739,170.191,1.9244901983043479,1.245709322593499,121104156.3,178.256
740,174.069,3.084637503535409,1.7126529467447225,117677934.4,178.346
741,173.551,1.6255884155862221,-0.20069005175389187,109555906.8,177.169
742,178.416,2.830492860432978,2.4266744742779416,116072501.3,176.541
743,174.727,3.7589245808455303,-2.9617905142730194,154126370.8,180.958
744,173.321,3.2081907276104284,-0.5268625279070738,140189313.1,178.665
745,178.266,4.172357837471834,2.393465786707564,131823917.4,173.91
746,171.268,6.083811453682215,-3.9148143576854504,151057486.5,171.008
747,170.151,2.2340772354109104,0.7138417828287416,197060535.0,171.178
748,168.765,1.8625519544482612,0.8702460716398932,108123013.4,171.198
749,171.996,2.41886080993476,0.8360204021809323,91715127.06,174.069
750,174.627,2.1553184776639256,1.5001801843693068,92670033.88,174.518
751,175.265,0.8975146190440789,0.2447994417657574,68753292.54,171.198
752,179.294,1.8966956936657513,1.8351385583569648,75354398.09,172.076
753,178.256,1.5667693902500894,-0.4845805140572983,79603673.88,168.815
754,178.346,1.4013889673084519,0.028043253914844628,62710789.66,165.276
755,177.169,1.396136902744837,-0.7100585083727475,60119922.99,163.561
756,176.541,1.1138663019979198,-0.29312097594036224,64434063.02,161.467
757,180.958,2.911461900260909,2.3512310450732805,105308881.8,160.679
758,178.665,2.1326654949547144,-1.60318544301009,99886812.66,158.865
759,173.91,3.1699591084489955,-2.612893109936384,95086276.52,158.776
760,171.008,2.132434808086716,-0.3658906057004276,97466363.22,158.307
761,171.178,1.8177968842808547,-0.4176944198817828,87212386.51,169.343
762,171.198,2.575358851674648,1.8447681993134908,107385194.8,173.77
763,174.069,2.553700127184522,1.5998552484123936,76580200.68,173.6
764,174.518,1.3480237040446403,-0.3357966032003437,75239324.16,174.827
765,171.198,2.813833804647558,-2.042147545017073,84996211.25,171.906
766,172.076,1.5767103074055933,1.0132081009685936,80907639.16,171.616
767,168.815,1.8518408568697415,-0.999882711705379,91697850.53,170.889
768,165.276,3.094201932285175,-2.212229683755866,95365273.94,174.039
769,163.561,3.346770241129186,-1.4835204548739904,91951098.64,175.485
770,161.467,2.4907503238161377,-1.22650973867084,123561843.0,171.348
771,160.679,4.912841919103265,0.9892838062914506,163650997.6,167.878
772,158.865,3.653099657942275,0.5042133765214952,116470433.4,168.117
773,158.776,4.161568267563986,-2.32415074375284,108903712.5,172.016
774,158.307,3.509563449196159,-1.981338270167867,122662433.9,171.776
775,169.343,4.637426864454426,2.782869420604753,180979963.9,168.117
776,173.77,3.241636305377208,2.7167295210848024,116212166.1,166.542
777,173.6,1.4662790833420891,0.3398608189027315,86714275.78,163.581
778,174.827,1.469820232803734,0.6314395901686574,85407078.68,159.354
779,171.906,2.3941143471553508,-0.9021680857319078,89937036.0,162.006
780,171.616,2.0010358303121647,0.414257963348718,82838470.7,164.11
781,170.889,1.7516644043694622,-0.6955824413374724,77600685.92,164.378
782,174.039,2.2834876362357854,1.8021970308496758,75167742.48,162.464
783,175.485,1.0016713667874722,0.1312373398761908,71607529.09,165.814
784,171.348,2.288337559067576,-1.1554591551245659,91276973.67,165.485
785,167.878,3.0033476805356294,-2.1439063629368986,99117069.92,162.435
786,168.117,1.8098592398711837,0.9032962811802244,86575430.56,158.586
787,172.016,1.5877698648242022,1.0663862139470377,64577149.14,156.732
788,171.776,1.9381745361318066,0.40800102877050676,61454162.33,162.215
789,168.117,2.0446129903583006,-1.2592431619689803,69904164.27,157.808
790,166.542,2.6147504321651738,-1.4864984768270713,83147135.33,154.03
791,163.581,2.804537316391698,-0.4006356590091364,91575175.48,149.942
792,159.354,4.006036407080209,-3.303438148521213,90416445.85,154.389
793,162.006,7.135304458160957,6.655167646497303,141786086.8,158.875
794,164.11,2.639384081273283,0.6180181726772264,92390310.25,159.893
795,164.378,1.8435716185210578,1.264746650238717,95486662.07,163.242
796,162.464,2.8622107554623937,-0.9063738944800184,83852060.96,164.638
797,165.814,2.704435471442222,1.3217151132593032,80085421.84,168.057
798,165.485,2.025993883792048,-1.326106529762857,77025332.3,169.443
799,162.435,2.1324062540668183,-0.8030534351145026,84198789.34,173.282
800,158.586,3.758676662855984,-2.483028335301052,96855041.23,173.929
801,156.732,4.544252951378815,-0.8702911933615028,131741591.1,174.807
802,162.215,2.5066794374149373,0.9119807899271587,91868643.9,178.156
803,157.808,2.8252917385816225,-1.0440638854226236,105818596.8,176.97
804,154.03,3.0981593097574236,-2.646980748081753,97408792.15,173.82
805,149.942,2.675607666773738,-0.5491808715261676,109224011.5,173.521
806,154.389,3.449473627959164,2.7738946359388112,93384869.65,177.638
807,158.875,3.591938137759247,1.619516064038691,102762959.8,174.269
808,159.893,2.134181313009004,1.2634738882063135,75957457.96,171.058
809,163.242,2.9519947184759165,2.164811024952594,124070454.6,171.368
810,164.638,2.045783652216775,1.1451460306928651,96244799.52,169.323
811,168.057,2.731924224888843,1.9961400271897376,81900855.47,165.006
812,169.443,2.9809875907029277,1.3233271542187541,98506306.62,166.901
813,173.282,2.306380316684659,1.7564052122543257,90539170.05,169.633
814,173.929,1.4606689305484488,0.48355787673606465,80910543.99,164.548
815,174.807,2.1661176910318423,1.9889380272815271,90780755.7,164.328
816,178.156,1.5158506365889097,1.286577635266898,101044503.1,166.642
817,176.97,1.6492043910564407,-0.43769831446766866,93052223.09,166.472
818,173.82,2.0845573411669833,-1.8187980117487568,103515477.2,165.674
819,173.521,1.7065105627219994,0.16104639752484753,79107596.34,161.059
820,177.638,2.32536711776561,2.2200483369777904,76892274.68,162.145
821,174.269,2.228301560790186,-1.37633629690833,73733853.11,156.094
822,171.058,2.060072152713405,-0.3077174128425512,89461681.47,155.864
823,171.368,2.0693733920809034,0.5739773460883906,77945686.04,162.903
824,169.323,1.5263867202574242,-0.9853340194610791,76921932.87,156.942
825,165.006,2.1297903591934753,-1.7511476834953899,72573547.7,157.25
826,166.901,1.934970523346238,-0.21463589620948254,79623774.0,158.766
827,169.633,2.558063894376708,1.800974602717368,70938402.32,165.276
828,164.548,3.7748481417911344,-3.1227186020771036,75670163.32,156.064
829,164.328,1.8491337750947263,0.7022833400742822,69336203.13,156.802
830,166.642,2.3833745985830967,1.4390240933052534,68030213.7,151.598
831,166.472,1.6697307627180118,-0.9077543051364045,68237125.91,154.04
832,165.674,3.3862901565697476,-1.4707369147234175,87622383.28,146.055
833,161.059,3.944168340911499,-2.80905656733891,85266428.97,142.126
834,162.145,2.9705418100907184,1.0935775698137795,96480886.44,146.663
835,156.094,3.5849346853487436,-3.3575413114409023,96055836.9,145.097
836,155.864,2.8426796312339127,0.4233056498740461,88461586.25,148.786
837,162.903,3.5090824052889187,2.7545794015239378,130805888.7,140.392
838,156.942,5.694318457666305,-2.586447684486901,132343592.7,136.932
839,157.25,3.2342628698758085,0.7986974692956651,123611963.4,137.171
840,158.766,2.806284741188182,0.8422256097560934,89369007.66,142.674
841,165.276,4.533699998738547,3.97659715013683,108746251.7,139.933
842,156.064,5.895013906086923,-4.3209573789788625,131115767.0,140.093
843,156.802,3.411597088041844,0.8139594691904068,116478852.0,143.343
844,151.598,2.865012679684033,-1.8490942287023933,131979261.8,149.185
845,154.04,2.491719411012368,-0.6494804801124853,115718629.2,148.388
846,146.055,6.610853907695705,-4.559800827272537,143125059.5,148.258
847,142.126,5.3318109223353485,-0.14753821942446602,183159016.3,150.75
848,146.663,3.491175687231026,1.7433229275060735,114338548.5,144.938
849,145.097,2.3159549748855643,-0.006891466297277806,86908063.08,145.695
850,148.786,2.1062133293214873,0.25470325049863507,78575196.34,148.258
851,140.392,5.332138376053065,-4.105790181895177,110077629.3,147.51
852,136.932,3.7037852920659473,-1.8091857588469575,136510760.8,142.206
853,137.171,6.10028213332123,-1.078843560472217,137845304.1,136.713
854,142.674,4.075609738324444,3.860348981953977,118085355.3,131.479
855,139.933,3.3780575986210217,-0.3162911303133824,104450373.2,132.356
856,140.093,2.4905923041785414,1.5100464462462617,92764788.02,135.018
857,143.343,5.250031084747992,4.651315597348349,90877902.11,129.665
858,149.185,3.0417279500618024,2.9231172558434713,91256006.91,131.16
859,148.388,2.6019003640884453,-0.15341551380740204,104034779.4,135.457
860,148.258,2.749420977919054,-0.7936083081287832,74513225.14,134.938
861,150.75,3.0031486275125783,2.2859120239379567,72568732.05,137.849
862,144.938,2.429506808034956,-1.034461567875028,88840447.34,141.229
863,145.695,2.5322063699734785,-0.6058001268905707,71816770.38,141.229
864,148.258,3.4003424705210774,3.0241963503953997,68014979.37,137.022
865,147.51,1.6345715626721755,-0.4172067401166525,54114760.66,138.807
866,142.206,3.8030627181623666,-3.0191021120757404,69684883.45,136.304
867,136.713,2.6997358079081932,-2.2452146182062696,91845934.84,138.507
868,131.479,2.859410413534706,-0.7450968550420445,122579856.8,141.13
869,132.356,1.8324547417245942,-0.27801845922019197,85042936.34,142.486
870,135.018,3.919306607568411,0.848508387983445,91812167.16,145.905
871,129.665,2.5954542627946013,-1.5294769857000812,108290813.7,146.593
872,131.16,2.5182552254375574,1.1490707179764088,134930605.7,144.429
873,135.457,2.804800060188849,1.8366487738132704,81247556.83,145.417
874,134.938,2.874841763855511,0.41524036314927276,73633147.88,145.047
875,137.849,2.1824017512461524,1.0593530981496095,72654706.5,148.018
876,141.229,1.5307330725896229,1.2575730417637707,89388662.43,149.714
877,141.229,1.7917117322251954,-0.7254272077378778,70422057.15,146.623
878,137.022,4.439477605399249,-3.2999760053070726,67520654.16,150.541
879,138.807,2.9268865501196295,1.287926329154556,66444464.53,152.575
880,136.304,3.4356325027930614,-0.38660264702228,99266329.81,154.878
881,138.507,2.490979533893292,2.1242239688555293,71268274.44,153.621
882,141.13,3.4179644578577992,2.7513450939563575,73653617.12,152.485
883,142.486,2.1549793460408937,1.1076813908106997,74290165.83,151.139
884,145.905,2.2829100277225476,2.135746986433693,66455796.99,156.314
885,146.593,1.7584515664884246,1.2221815595588972,64744682.6,156.872
886,144.429,1.9889356299226324,-0.549484599971081,63498207.14,162.016
887,145.417,2.343560912529636,0.06881507325364157,77825421.32,161.019
888,145.047,3.046835300095991,1.7473834843850733,71402691.19,159.523
889,148.018,3.9793017491282514,3.046462733740831,78379089.99,165.625
890,149.714,1.7956128298668634,0.2611770378505708,76492540.11,165.306
891,146.623,3.319567328073091,-2.434755992068258,81669219.07,165.076
892,150.541,2.9406744365471256,2.082457448972671,83235480.98,164.597
893,152.575,2.228640802604181,1.2845193839617648,65021138.28,164.647
894,154.878,2.389125813649507,0.5505421021878756,65285164.17,168.96
895,153.621,1.8712853808281482,-0.836577005751462,66878782.27,168.211
896,152.485,1.8127087216846471,-0.687764180251518,53787509.51,171.815
897,151.139,1.5152119833446351,-0.43675313895731444,55306875.81,172.903
898,156.314,3.398221454610178,2.759735990954258,78860497.93,172.743
899,156.872,2.0910608609792023,0.23641870391432987,81626953.55,174.261
900,162.016,2.589063924786982,0.7881853075291267,102097331.7,173.862
901,161.019,1.6776703387136005,0.31023978171081595,68036273.12,171.236
902,159.523,1.7411794275660475,-0.056386384567675196,60089754.25,167.292
903,165.625,3.6328239559219044,3.2890346801703765,82759153.5,166.953
904,165.306,1.6781553101933782,-0.11722054380663952,55643352.01,167.253
905,165.076,1.748294721317519,1.310911992144345,56791036.97,169.748
906,164.597,2.1985261822263515,-0.9012968559971978,60462470.26,163.349
907,164.647,1.573812737759233,0.5490143391064325,63240235.53,161.113
908,168.96,1.4619742654119499,0.9306937790468581,70286942.62,158.647
909,168.211,1.6651678567812664,-0.9229699961125581,57243961.07,156.96
910,171.815,1.635534741809017,1.3424639758403734,68152249.35,157.698
911,172.903,1.193726214625193,0.9735102431731655,54181424.18,155.552
912,172.743,1.1926851754601007,0.144352847055547,56470571.25,154.274
913,174.261,2.0744816698010333,1.0302404860740628,79673985.56,155.702
914,173.862,1.0281601314563857,0.2305980560583907,62393405.09,154.204
915,171.236,1.4184977722685368,-0.8723942504182544,70462989.18,157.109
916,167.292,1.6307279243428567,-1.2496384489607932,69141314.34,163.159
917,166.953,1.2363710675947062,0.08992644017194276,54236901.06,153.585
918,167.253,1.1218894981020635,0.17969129036314588,53930839.18,155.053
919,169.748,1.0632411302366298,0.7406528189910923,51303172.49,152.118
920,163.349,4.579610384043022,-4.074861411256237,79091964.67,150.45
921,161.113,1.9272351226849604,0.14607342209625535,73435570.09,154.224
922,158.647,3.0687353533300694,-1.9856543577514034,78035431.94,156.64
923,156.96,2.1889342172361026,-1.9245188702824194,88137055.3,153.465
924,157.698,2.4246506145815796,0.8421739213843161,74353032.5,152.487
925,155.552,3.4826899707836736,-2.4660626391196794,77085429.64,150.181
926,154.274,2.2126633427835958,-1.2399895013795519,73837125.1,150.52
927,155.702,1.992096820470022,0.7330059714431806,87594640.01,151.509
928,154.204,2.4103341271559544,-0.11659239299407866,85064723.2,149.592
929,157.109,1.9838958147241947,1.2215471642195017,68193942.39,142.244
930,163.159,3.1137604064488533,2.4057592608864833,105130068.5,137.971
931,153.585,4.67488701376733,-3.789895699564622,122860083.3,142.214
932,155.053,2.2718380761104937,0.33909492716577533,88111330.7,145.858
933,152.118,2.5501392849817135,-1.474150549891842,90631204.88,146.158
934,150.45,2.0084523777375676,-0.3378378378378506,162548037.8,145.189
935,154.224,3.6620021094636948,3.462294466098228,81609399.81,139.858
936,156.64,3.2664598955675204,2.2814830292661905,107868437.6,140.187
937,153.465,3.3460279368226105,-2.300753124224119,101865490.0,138.75
938,152.487,2.3589539360148692,0.23598548590661078,86796285.85,138.111
939,150.181,1.9586822552152872,-0.5028488140983081,96189208.52,142.753
940,150.52,2.7598532719288786,0.7415736353171124,93494245.38,138.151
941,151.509,3.1844325537585894,-0.6413661492455152,84582819.11,142.174
942,149.592,4.005532503457816,1.4905525967637996,146934726.5,143.512
943,142.244,4.293434534023512,-2.4777523344622883,128350799.5,143.622
944,137.971,3.6959882703907305,-2.1801398125434175,125132506.7,143.153
945,142.214,3.9110412710884166,3.0678136844927955,114501289.3,147.026
946,145.858,1.3588296151255874,0.7376200013813192,87975761.18,149.202
947,146.158,3.055899925055858,1.614338552240033,79602798.67,152.088
948,145.189,1.5974617188577753,-0.2610445905378175,68515638.16,149.103
949,139.858,2.621144425129657,-1.7188554081403178,86068096.89,144.56
950,140.187,2.394049572439525,0.0,75023248.45,155.482
951,138.75,2.2646404475654207,-0.6572729615946432,77161459.55,153.086
952,138.111,1.592825398206331,-0.5680345572354324,70550583.24,150.401
953,142.753,6.86187540533893,5.926569015923895,113411797.0,144.79
954,138.151,4.581004776712254,-4.1090851038723875,88744940.02,138.65
955,142.174,1.8744912095288422,0.9536252671642024,85392357.79,138.38
956,143.512,4.33119385654344,-1.1958774242851895,99301063.08,138.92
957,143.622,2.4372460464655417,1.5319359513626252,61860788.02,139.5
958,143.153,2.2708441585799215,0.2591344908007288,64629021.51,134.87
959,147.026,3.644330222662255,3.0799324139574997,86692180.44,146.87
960,149.202,2.8972680744796064,1.538712816708744,76107960.85,149.7
961,152.088,2.0950554277628344,1.4995895649388256,74856259.9,148.28
962,149.103,2.6678845698433724,-1.0662862451064954,88582874.63,150.04
963,144.56,3.4109152066494888,-2.208692710975807,109361263.8,148.79
964,155.482,6.548534643401672,5.087357642526435,165035687.6,150.72
965,153.086,1.527678877548334,0.12099332247663669,98105644.34,151.29
966,150.401,4.238227332872122,-2.8561647817184763,80512682.53,148.01
967,144.79,4.944736114948892,-2.6281456374665533,93759899.33,150.18
968,138.65,2.9194340167484714,-2.2386744227040247,98080948.44,151.07
969,138.38,6.169072778687299,-2.6110211837567796,140814796.0,148.11
970,138.92,2.560606172284437,1.320107942527878,83374628.0,144.22
971,139.5,2.865662957305984,-0.6481019870379578,89908477.0,141.17
972,134.87,2.9397451433318094,-2.620938628158841,74917794.0,148.03
973,146.87,5.283154121863802,3.986122911356553,118854028.0,148.31
974,149.7,3.9066288009974275,2.6608147030585623,93979665.0,147.81
975,148.28,1.9331208030929894,-0.4631805061421747,73374114.0,146.63
976,150.04,3.3849326843532035,-1.428899911309668,89868332.0,142.91
977,148.79,1.751646411840595,-0.22798900288339263,64218266.0,140.94
978,150.72,3.646938077317813,2.929727514853508,80389400.0,142.65
979,151.29,1.820364072814556,-0.6664259216703422,74829573.0,142.16
980,148.01,1.79738009003825,-1.431806073521581,58724070.0,144.49
981,150.18,2.378764675855012,1.3839195301424503,51804132.0,145.47
982,151.07,1.66733627963038,1.083974573435935,58301395.0,143.21
983,148.11,1.1963023382272913,-0.13148578942044647,35195860.0,136.5
984,144.22,2.2736783372855287,-0.6338707454871073,69346522.0,134.51
985,141.17,3.1740942609810925,-2.1623120105343436,83763803.0,132.37
986,148.03,5.812877979366764,4.692528024329,111380880.0,132.3
987,148.31,1.7188459177409325,0.06747183051075792,71250416.0,135.45
988,147.81,1.6134569172674178,1.267470539873934,65447446.0,132.23
989,146.63,3.5328942855182834,-0.7714691750693745,68826442.0,131.86
990,142.91,3.790868094701257,-2.8318884922658456,64727186.0,130.03
991,140.94,2.4071428571428606,-0.8791054223222449,69721094.0,126.04
992,142.65,1.7150956768249581,0.20370890699634167,62128338.0,129.61
993,142.16,3.3144073811213537,-0.12645777715329973,76097011.0,129.93
994,144.49,2.438678576492271,1.254379817799594,70462654.0,125.07
995,145.47,3.97199112590127,-2.6956521739130443,93886161.0,126.36
996,143.21,3.89274582034571,-1.4723082215342183,82291182.0,125.02
997,136.5,4.245543098695097,-3.2669548579122765,98931907.0,129.62
998,134.51,2.9312794436551384,-1.591249954274435,160156900.0,130.15
999,132.37,2.9546146816935694,-2.0279772037599058,79592614.0,130.73
1000,132.3,2.5868042189545104,0.6925945657965029,77432819.0,133.49
1001,135.45,3.0583804143126194,1.8574221687471792,85927993.0,133.41
1002,132.23,3.269378357636217,-1.5794331308800864,77852108.0,134.76
1003,131.86,2.1405430422709086,0.717995722578694,63814893.0,135.94
1004,130.03,2.0898073337476673,-1.0275536611356328,69007830.0,135.21
1005,126.04,4.097481528561213,-2.7994138968149778,85438391.0,135.27
1006,129.61,2.1540750019572568,1.265723884678505,75703710.0,137.87
1007,129.93,1.9775563054225707,1.1837084339225998,77034209.0,141.11
1008,125.07,5.419988725134899,-3.99907890696961,112117471.0,142.53
1009,126.36,2.858730412535975,-0.41768460871621177,89113633.0,141.86
1010,125.02,2.4126322539275336,-1.6597183984897346,80962708.0,143.96
1011,129.62,4.323804948354545,2.8648519958733427,87754715.0,145.93
1012,130.15,2.709985372238056,-0.2414440654581671,70790813.0,143.0
1013,130.73,2.4536372151108274,0.3608168278826953,63896155.0,144.29
1014,133.49,2.337881342940352,1.7066666666666737,69458949.0,145.43
1015,133.41,2.145465611685935,-0.351060651329548,71379648.0,150.82
1016,134.76,2.476074737961409,2.0677118836627963,57809719.0,154.5
1017,135.94,2.355923357936328,0.8232589186382743,63646627.0,151.73
1018,135.21,2.651262682366891,-1.1731169827869676,69672800.0,154.65
1019,135.27,1.8539283845406218,0.8875298329355592,58280413.0,151.92
1020,137.87,2.831172701534802,1.9145476049674772,80223626.0,150.87
1021,141.11,3.9267585206671445,2.164784245583557,81760313.0,151.01
1022,142.53,2.0384889522451783,1.5858308684651254,66435142.0,153.85
1023,141.86,2.607881276565092,0.6884803747604709,65799349.0,153.2
1024,143.96,1.6560958421423497,0.5517915764475941,54105068.0,155.33
1025,145.93,2.900475258596573,1.9384583144144498,70555843.0,153.71
1026,143.0,1.8900945047252482,-1.3486944224069624,64015274.0,152.55
1027,144.29,1.4478493112173196,1.1142256482130368,65874459.0,148.48
1028,145.43,3.743277667704515,1.0141001597555102,77663633.0,148.91
1029,150.82,2.031450361071755,1.2894560107454582,118338980.0,149.4
1030,154.5,6.460123114388136,4.370735661690197,154357337.0,146.71
1031,151.73,1.5386656055179688,-0.5538259872193996,69858306.0,147.92
1032,154.65,3.046999468932557,2.6619755708975172,83322551.0,147.41
1033,151.92,2.257091447925491,-1.2737197816480428,64120079.0,145.31
1034,150.87,2.59938837920491,-1.8891237197203714,56007143.0,145.91
1035,151.01,1.4207880981101781,1.0370667737187094,57450708.0,151.03
1036,153.85,2.2130930294195625,1.9198155705124782,62199013.0,153.83
1037,153.2,1.9289407397587142,0.7099658164606785,61707573.0,151.6
1038,155.33,1.7137624280481454,1.4499379531056094,65669252.0,152.87
1039,153.71,1.9449290011249065,0.13028467200834934,68167942.0,150.59
1040,152.55,1.4252568776930765,0.13127666557270565,59144118.0,148.5
1041,148.48,1.9507428994980023,-1.1451398135818902,58867230.0,150.47
1042,148.91,1.895895623810813,0.02686908040571777,51011305.0,152.59
1043,149.4,2.1054061396359645,-0.459724165500698,48394249.0,152.99
1044,146.71,1.008645335375598,-0.2719053769288326,55469606.0,155.85
1045,147.92,1.1664971176670051,0.14217046916253437,44998470.0,155.0
1046,147.41,1.5323843901110126,0.24481468888132282,50546998.0,157.4
1047,145.31,1.529894490035174,-1.0352107879861132,55478991.0,159.28
1048,145.91,1.9527449617790147,1.0597035600498692,52279761.0,157.83
1049,151.03,2.5656689065363474,2.0162788341382782,70732297.0,158.93
1050,153.83,1.8506451192493178,0.02926163149853101,87558028.0,160.25
1051,151.6,1.9188116191358449,-1.3662979830839261,56182028.0,158.28
1052,152.87,1.080155437001901,0.039264446044108545,47204791.0,157.65
1053,150.59,2.869029788650359,-1.933458800851786,53833582.0,160.77
1054,148.5,2.25622181755116,-1.1384062312762184,68572400.0,162.36
1055,150.47,3.683141503046715,1.8030513176144192,84457122.0,164.9
1056,152.59,2.198534310459701,0.8659439450026457,73695893.0,166.17
1057,152.99,2.217849519743875,1.1905549308816796,77167866.0,165.63
1058,155.85,3.1785808493801255,2.4250788643533108,76254419.0,163.76
1059,155.0,1.5945035001296397,-0.6919528446950362,98944633.0,164.66
1060,157.4,2.3807979240998947,1.5025472367318067,73641415.0,162.03
1061,159.28,1.8270090711639284,1.2458682939232189,73938285.0,160.8
1062,157.83,2.7438058424687815,-0.922787193973634,75701811.0,160.1
1063,158.93,2.4544013191273333,0.06296039790971121,67622060.0,165.56
1064,160.25,1.5774469433006078,0.8749842628729613,59256343.0,165.21
1065,158.28,1.836954456198141,-1.0378892084531677,52390266.0,165.23
1066,157.65,1.6091806641877286,-0.20257010824839727,45992152.0,166.47
1067,160.77,1.0668340131785485,0.8784589320449305,51305691.0,167.63
1068,162.36,0.7434690675943055,0.513836439051577,49501689.0,166.65
1069,164.9,1.9084676672225334,1.5144053188869786,68749792.0,165.02
1070,166.17,1.2605042016806682,1.1566323735313673,56976187.0,165.33
1071,165.63,1.0477863242686631,-0.5792490771031564,46278295.0,163.77
1072,163.76,2.008652657601978,-0.5948767755250808,51511744.0,163.76
1073,164.66,1.82617283950618,1.3728990949947606,45390123.0,168.41
1074,162.03,1.2181409295352252,0.3778961714781401,47716882.0,169.68
1075,160.8,1.152576163478925,-0.9547274407144953,47644217.0,169.59
1076,160.1,1.4269620728501697,-0.6947028904602435,50133062.0,168.54
1077,165.56,2.713418411597091,2.431479304584549,68445649.0,167.45
1078,165.21,1.5260651935050666,0.3766936022844672,49386480.0,165.79
1079,165.23,0.8291166250076115,0.0848022290871563,41516217.0,173.57
1080,166.47,1.062481134923025,0.2227573750752586,49923008.0,173.5
1081,167.63,1.5826990455479066,1.1037394451145863,47720166.0,171.77
1082,166.65,1.3952645566561985,0.3371665964236271,52456377.0,173.555
1083,165.02,1.1928384704237294,-0.018176310209028254,58337341.0,173.75
1084,165.33,1.0433827567270781,0.2000000000000076,41949581.0,172.57
1085,163.77,1.5727111708300354,-0.8596161995278089,48714063.0,172.07
1086,163.76,1.5233415233415168,0.4323694458924805,45498796.0,172.07
1087,168.41,2.0400750650765813,1.9492705369574421,64902329.0,172.69
1088,169.68,1.1733969660489811,0.7062733693394252,55275851.0,175.05
1089,169.59,1.0732922201138533,0.18312854442344179,52472936.0,175.16
1090,168.54,1.677211412200073,-0.9112822623317134,48425696.0,174.2
1091,167.45,2.249341947834405,-1.2094395280236057,65136018.0,171.56
1092,165.79,1.661493518349455,0.5458184244041517,81235427.0,171.84
1093,173.57,2.073085031623343,1.5177657552273718,113453171.0,172.99
1094,173.5,1.0109813491371684,0.5913729128014902,55962793.0,175.43
1095,171.77,1.1305361305361292,-0.7396706154290673,45326874.0,177.3
1096,173.555,1.2390924956369957,0.3092128077678861,53724501.0,177.25
1097,173.75,1.4055875007260359,-0.0575208513085961,49514676.0,180.09
1098,172.57,1.7894736842105277,-0.6047690358253722,45533138.0,180.95
1099,172.07,1.014754767597836,-0.6294756294756314,37266659.0,179.58
1100,172.07,0.7795151429780347,0.046514332228608686,42110293.0,179.21
1101,172.69,1.4698383582687844,0.5707297187117756,57951604.0,177.82
1102,175.05,1.5413141731370938,1.1849710982659025,65496657.0,180.57
1103,175.16,0.8288556076368976,-0.6973184420885481,55809475.0,180.96
1104,174.2,0.7264341308734618,0.1264513162432457,43570932.0,183.79
1105,171.56,1.2286673478324324,-0.9068330156529737,50747263.0,183.31
1106,171.84,1.11324184846351,0.43836577240049096,45143488.0,183.95
1107,172.99,1.2842914555303235,0.33640740096282845,56058258.0,186.01
1108,175.43,1.5365952284674462,1.217401338564513,54834975.0,184.92
1109,177.3,1.370561250495563,0.192133815551539,55964401.0,185.01
1110,177.25,1.4652636343064063,-0.04229522064006126,99625288.0,183.96
1111,180.09,1.8026276969614108,1.3449634214969133,68901809.0,187.0
1112,180.95,1.4057793149615143,-0.04419157045794205,61996913.0,186.68
1113,179.58,3.8846294267980994,-1.670043256858119,121946497.0,185.27
1114,179.21,1.5160908527306531,-0.41952601894812624,64848374.0,188.06
1115,177.82,2.193773967967525,-0.3474557274153803,61944615.0,189.25
1116,180.57,1.904654570043951,1.5036960004496938,50214881.0,189.59
1117,180.96,0.8857886286884762,-0.2975206611570204,48899973.0,193.97
1118,183.79,1.6135271039398726,1.3901914271528557,54754995.0,192.46
1119,183.31,0.9372944529708441,0.2789934354485727,54929129.0,191.33
1120,183.95,1.3020547192616063,0.31630037628837,57462882.0,191.81
1121,186.01,1.490913048209821,1.1143726897151462,65433166.0,190.68
1122,184.92,1.4760948608020832,-0.969313982755852,101256225.0,188.61
1123,185.01,0.9164362019413251,0.32536196518626664,49799092.0,188.08
1124,183.96,1.544388222581613,-0.5083829096809074,49515697.0,189.77
1125,187.0,1.8375347089889478,1.7742462174812184,51245327.0,190.54
1126,186.68,1.3783038754661974,0.6090002694691432,53116996.0,190.69
1127,185.27,1.5224315715596943,-1.0953871383965192,48088661.0,193.99
1128,188.06,1.4649647223568691,1.1673570391091592,50730846.0,193.73
1129,189.25,1.2260127931769784,0.7023891874634136,51216801.0,195.1
1130,189.59,0.5980734624748574,0.26972709964035907,46347308.0,193.13
1131,193.97,1.6835721008051863,1.221103167562492,85213216.0,191.94
1132,192.46,1.1055486024196937,-0.681184848797602,31458198.0,192.75
1133,191.33,1.2380652607281426,-0.12267376608461109,46920261.0,193.62
1134,191.81,1.49048625792813,1.0377159713442894,45156009.0,194.5
1135,190.68,1.277333894028584,-0.38138028316179395,46814998.0,193.22
1136,188.61,1.5799181971288865,-0.3434428828067089,59922163.0,195.83
1137,188.08,1.4469453376205879,-0.5709452315500021,46638119.0,196.45
1138,189.77,1.713800604870796,0.04744833403627342,60750248.0,195.605
1139,190.54,0.7429655390452085,0.020997375328079812,41342338.0,192.58
1140,190.69,0.8173284817803134,0.24181254271145874,41616242.0,191.17
1141,193.99,1.3085866221781923,1.0891089108910907,50520159.0,181.99
1142,193.73,0.9952446534833669,0.19653478148435244,48353774.0,178.85
1143,195.1,2.896444329094204,1.035732780942517,80507323.0,179.8
1144,193.13,2.064988701005218,-1.0046645138141412,59581196.0,178.19
1145,191.94,1.9557600794854413,-1.1128284389489935,71951683.0,177.97
1146,192.75,1.3836150845253559,-0.34124398945245676,45505097.0,177.79
1147,193.62,0.7905035896638445,0.15000258625148297,37283201.0,179.46
1148,194.5,1.200082764328571,0.42856405225384037,47471868.0,177.45
1149,193.22,2.414957153985966,-1.428425670849919,47460180.0,176.57
1150,195.83,1.2805192129391256,0.5958802075307058,48291443.0,174.0
1151,196.45,0.62992932500257,0.19891869835763865,38824113.0,174.49
1152,195.605,0.7425235559196992,-0.3210436466481636,35281426.0,175.84
1153,192.58,1.7353598397086993,-1.2612797374897353,50389327.0,177.23
1154,191.17,0.8810110650794518,-0.2088009604844212,62243282.0,181.12
1155,181.99,3.001319261213725,-1.902759810263045,115956841.0,176.38
1156,178.85,3.2590921905835923,-1.8009114368857417,97576069.0,178.61
1157,179.8,1.5148102263768428,0.06121653959597843,67823003.0,180.19
1158,178.19,2.2145641489181496,-1.4817272073865244,60378492.0,184.12
1159,177.97,1.773648648648652,-0.8413193670603917,54686851.0,187.65
1160,177.79,1.1724723874256544,0.2650575231220386,52036672.0,187.87
1161,179.46,1.3451397309720485,0.8372197561386802,43675627.0,189.46
1162,177.45,1.3724936458627384,-0.7994186046511667,43622593.0,189.7
1163,176.57,1.1558073654390888,-0.3161519787726541,46964857.0,182.91
1164,174.0,2.320382753055118,-1.7726092356328254,66062882.0,177.56
1165,174.49,1.8260060479181124,1.2710388856645372,61172150.0,178.18
1166,175.84,1.3785362765130698,0.43982407037185717,46311879.0,179.36
1167,177.23,0.8113475177305003,0.09601265107872331,42084245.0,176.3
1168,181.12,1.8084957240992696,1.4564194488012514,52722752.0,174.21
1169,176.38,2.894153741264714,-2.376656298083848,54945798.0,175.74
1170,178.61,1.8939824820839568,0.6934265418874835,51449594.0,175.01
1171,180.19,1.1453695146881828,0.05552779165972254,43820697.0,177.97
1172,184.12,3.0083565459610058,2.4625059127966895,53003948.0,179.07
1173,187.65,1.6834470066038676,1.4653401103060495,60813888.0,175.49
1174,187.87,0.874759974397277,0.0159710391822834,60794467.0,173.93
1175,189.46,0.8710431272572692,-0.013193656489962628,45766503.0,174.79
1176,189.7,1.2632588881189575,0.7541958784788546,45280027.0,176.08
1177,182.91,4.06678789882625,-2.914012738853508,81755816.0,171.96
1178,177.56,2.691022242710624,1.358602580203217,112488803.0,170.43
1179,178.18,1.3774677990888198,-0.09531819456124895,65602066.0,170.69
1180,179.36,1.6691101838276803,-0.39429110901315023,58953052.0,171.21
1181,176.3,3.0374099073332586,-1.7772577859490764,90370192.0,173.75
1182,174.21,1.9082653178526394,-1.3030423205484012,84267928.0,172.4
1183,175.74,1.4517801590044832,1.0000000000000053,60895757.0,173.66
1184,175.01,1.5389483373604944,-0.8329555757026286,109259461.0,174.91
1185,177.97,1.8221036498836398,0.8442883046237587,67257573.0,177.49
1186,179.07,1.4113927623779146,0.8731410545290575,51826941.0,178.99
1187,175.49,2.4486887115165263,-2.1030904830971675,58436181.0,178.39
1188,173.93,1.4034280455538926,-0.35519908335720685,63149116.0,179.8
1189,174.79,1.7403045101982169,0.06870097898895319,56725385.0,180.71
1190,176.08,1.6192937123169642,1.0792192881745257,46172740.0,178.85
1191,171.96,2.062216008388671,-1.6359684246653616,64588945.0,178.72
1192,170.43,2.3602484472049574,-1.268682655543968,66921808.0,177.15
1193,170.69,2.6309509605059045,0.7972127081610927,56294419.0,175.84
1194,171.21,1.6020805325787597,-0.4708754795953972,51861083.0,175.46
1195,173.75,1.9715673082548437,1.4776311178600638,52164535.0,172.88
1196,172.4,1.645006439526989,0.08417752750283604,49594613.0,173.0
1197,173.66,1.8950693104053395,1.502133380092345,53020286.0,173.44
1198,174.91,1.6041232337271147,0.6444559525864576,48527918.0,171.1
1199,177.49,2.7774569811756566,2.123130034522438,57266675.0,166.89
1200,178.99,1.8486916951080772,1.2329619365420545,42390772.0,168.22
1201,178.39,0.9946614217476878,0.16282987085906347,43698019.0,170.29
1202,179.8,1.2668918918918919,0.897867564534244,47551098.0,170.77
1203,180.71,1.843163538874001,0.355417337702013,56743119.0,173.97
1204,178.85,2.1275401369709335,-1.416602359166571,51456082.0,177.57
1205,178.72,1.4531754574811615,1.114568599717114,52516984.0,176.65
1206,177.15,2.070938215102961,0.285884117863509,57549350.0,179.23
1207,175.84,1.4076865969961594,0.148080646998514,54764375.0,181.82
1208,175.46,1.5126434157200785,-0.32947057486933884,59302863.0,182.89
1209,172.88,1.6102873030583882,-1.3861160230448957,64244028.0,182.41
1210,173.0,2.400988642382148,1.2228658358200242,55980109.0,186.4
1211,173.44,1.2948381452318454,0.2253683906385359,43816644.0,184.8
1212,171.1,1.41224728977439,-0.4538049802187579,57156962.0,187.44
1213,166.89,3.445101708215133,-2.042613136115524,70625258.0,188.01
1214,168.22,1.2767487861895315,0.7848541129950287,58499129.0,189.71
1215,170.29,1.3619944335879568,0.7513903680037758,51130955.0,189.69
1216,170.77,1.786777843954735,0.8385001476232748,44846017.0,191.45
1217,173.97,2.4159416882200713,1.736842105263157,56934906.0,190.64
1218,177.57,1.3222386868801967,1.1679580674566903,77334752.0,191.31
1219,176.65,2.0017306028266506,1.3831496786042219,79829246.0,189.97
1220,179.23,1.8273650757618745,1.6158294591223463,63841310.0,189.79
1221,181.82,1.9388724367212375,1.4733787253041557,70529966.0,190.4
1222,182.89,1.024285478275227,0.296133808609812,49340282.0,189.37
1223,182.41,1.2705571750728795,-0.3006121556624461,53763540.0,189.95
1224,186.4,1.6536805971775714,1.3208675327499086,66177922.0,191.24
1225,184.8,0.9880028228652045,-0.548918308040029,43627519.0,189.43
1226,187.44,0.971551261406335,-0.1385189131592919,60108378.0,193.42
1227,188.01,0.915965491532644,0.08783837738560624,53790499.0,192.32
1228,189.71,1.2244897959183685,0.07385134778710492,54412915.0,194.27
1229,189.69,0.9598557564830049,-0.29434954007884484,50941404.0,195.71
1230,191.45,1.0664630292816546,0.8215282531992218,46538614.0,193.18
1231,190.64,0.9381258564351224,-0.40227783292409497,38134485.0,194.71
1232,191.31,1.1031049390803187,-0.09399968666771466,39630011.0,197.96
1233,189.97,0.8718626155878497,-0.4715251218106595,24048344.0,198.11
1234,189.79,0.937003705664363,-0.06844987363100014,40552609.0,197.57
1235,190.4,0.8870116156283034,0.3266940668142083,38415419.0,195.89
1236,189.37,1.651055723130658,-0.8014667365112631,43014224.0,196.94
1237,189.95,1.13183484776024,0.05794353139485104,48794366.0,194.83
1238,191.24,1.2313058183163412,0.4781169547627786,45704823.0,194.68
1239,189.43,1.3864415839651059,-0.2895041583324471,43389519.0,193.6
1240,193.42,2.2189504679777046,1.687608432784806,66628398.0,193.05
1241,192.32,1.3794180417469037,-1.0953972743635874,41089737.0,193.15
1242,194.27,0.7283434061676722,0.3305272943242342,47477655.0,193.58
1243,195.71,1.1979139773842213,0.7775489186405867,53406358.0,192.53
1244,193.18,1.0813917041061654,0.036248770131009876,60943699.0,185.64
1245,194.71,1.5642522206748322,0.8442096540294155,52696900.0,184.25
1246,197.96,1.6166281755196334,1.471115895227846,70404183.0,181.91
1247,198.11,1.7638662316476386,0.04544995455004717,66831572.0,181.18
1248,197.57,0.7106091370558388,0.02025008859413357,128538401.0,185.56
1249,195.89,1.1523226503421005,-0.10199398235504974,55751861.0,185.14
1250,196.94,0.5411200163356997,0.39763458401305113,40714051.0,186.19
1251,194.83,1.4628137350510673,-1.0512950736414388,52242815.0,185.59
1252,194.68,1.8501291989664148,-0.7241203467618499,46482549.0,185.92
1253,193.6,1.2644452505570802,-0.8095091710216276,37149570.0,183.63
1254,193.05,0.5497069957993952,-0.2892412581994743,28919310.0,182.68
1255,193.15,1.2611858286671183,0.34287495454309136,48087681.0,188.63
1256,193.58,0.7713413055857582,-0.2884516328422653,34049898.0,191.56
1257,192.53,1.3952275394445228,-0.7065497679216114,42672148.0,193.89
1258,185.64,2.4770916605487163,-0.8068394336094145,82488674.0,195.18
1259,184.25,1.335659379599841,0.016284876777766334,58414460.0,194.5
1260,181.91,1.2202565236620966,-0.13175953884161903,71983570.0,194.17
1261,181.18,1.437531220513961,-0.4450793999670324,62379661.0,192.42
1262,185.56,2.258953168044074,1.9084493505780236,59144470.0,191.73
1263,185.14,1.3243583429103136,0.6633318834275767,42841809.0,188.04
1264,186.19,1.3484123531970522,0.9981014374830505,46792908.0,184.4
1265,185.59,1.86798823657554,-0.50927415031628,49128408.0,186.86
1266,185.92,0.8369782385658034,-0.07524454477051208,40477782.0,185.85
1267,183.63,1.8382393579979406,0.8069828722002629,65603041.0,187.68
1268,182.68,1.4586799778147506,0.7778452032879112,47317433.0,189.3
1269,188.63,1.781197869020058,1.364930947391043,78005754.0,189.41
1270,191.56,1.657663383116193,1.177837637986579,68902985.0,188.32
1271,193.89,1.5967960054093528,0.8268330733229199,60133852.0,188.85
1272,195.18,0.9906108397104837,0.08204286739821381,42355590.0,187.15
1273,194.5,1.0497066995986375,-0.4707808822024294,53631316.0,185.04
1274,194.17,1.6337627030875788,-0.5378547279991862,54822126.0,184.15
1275,192.42,1.4692091278524504,-0.9522829052349938,44594011.0,183.86
1276,191.73,1.3820023209199155,-0.14582573824280046,47145622.0,182.31
1277,188.04,2.309702885795067,-1.5188017178171183,55859370.0,181.56
1278,184.4,1.489015459723355,-1.4114627887082905,55467803.0,182.32
1279,186.86,1.7027526928517005,1.5626273881022907,64885408.0,184.37
1280,185.85,4.5076708507670915,3.3303680640498055,102551680.0,182.52
1281,187.68,1.834911752044768,-0.2498006909380807,69668820.0,181.16
1282,189.3,1.3602328003233979,1.305790431338969,43490759.0,182.63
1283,189.41,1.293674778643761,-0.6451951321863145,53438955.0,181.42
1284,188.32,1.166266346410463,-0.562346542756817,40962046.0,180.75
1285,188.85,1.0585106382978773,0.10601643254703876,45155216.0,179.66
1286,187.15,1.0064778628406208,-0.6713902820900599,41781934.0,175.1
1287,185.04,1.4697612373632845,-0.392959035366323,56529529.0,170.12
1288,184.15,1.693707520280642,-0.6313403842002955,54630517.0,169.12
1289,183.86,1.7314585056520622,0.16889131026968252,65434496.0,169.0
1290,182.31,1.7532270938265502,-0.6051684658161517,49752465.0,170.73
1291,181.56,1.3500000000000039,-0.126519610539628,53665553.0,172.75
1292,182.32,1.2336986604671796,0.20886006375728014,41529674.0,173.23
1293,184.37,1.3674229968212235,0.485066492260745,52292208.0,171.13
1294,182.52,1.5420073533446756,-1.3458731960434467,45119677.0,173.0
1295,181.16,1.168004428452801,-0.5926251097453975,40867421.0,172.62
1296,182.63,2.4295500111383443,0.8448371065709559,54318851.0,173.72
1297,181.42,1.6599122855715367,-0.5972275491753896,48953939.0,176.08
1298,180.75,1.693310310254549,-0.28686489766647,136682597.0,178.67
1299,179.66,1.7758484609313372,0.06126427179057935,73563082.0,171.37
1300,175.1,1.7895160826284677,-0.5960828839057686,81510101.0,172.28
1301,170.12,1.426718547341108,-0.37479503396579195,95132355.0,170.85
1302,169.12,1.5176665876215332,-1.134104992400326,68587707.0,169.71
1303,169.0,1.329455754050674,-0.08867868755542753,71765061.0,173.31
1304,170.73,2.8175683674677345,1.0236686390532483,76267041.0,171.48
1305,172.75,1.354257483289732,-0.10986469295709363,60139473.0,170.03
1306,173.23,1.7659785977428282,0.04620271440946236,59825372.0,168.84
1307,171.13,1.4201218083860456,-0.9492388724894453,52488692.0,169.65
1308,173.0,1.3122929380993749,0.05205019952576682,72913507.0,168.82
1309,172.62,1.371230584020911,0.8471110591809413,121752699.0,169.58
1310,173.72,2.414707238358689,-1.0537107706327928,75604184.0,168.45
1311,176.08,2.0661157024793324,0.9980497877710274,55215244.0,169.67
1312,178.67,2.0446627448740555,1.6788071932620015,53423102.0,167.78
1313,171.37,3.8925310231795867,-3.20813329567919,106181270.0,175.04
1314,172.28,1.758202987181,0.30274802049371813,71160138.0,176.55
1315,170.85,1.469460017704343,0.1670917245624815,54288328.0,172.69
1316,169.71,1.085033612454284,-0.17058823529411296,57388449.0,169.38
1317,173.31,2.051613661748269,1.70177806466757,60273265.0,168.0
1318,171.48,1.008738490411119,-0.15720524017467846,65672690.0,167.04
1319,170.03,1.0473521168313944,-0.677609673462233,46240500.0,164.93
1320,168.84,0.6596913039394872,-0.14194464158978534,49329481.0,165.84
1321,169.65,1.245699371218409,0.5095088571597924,47691715.0,166.9
1322,168.82,1.8362753228290456,-0.8632333078865458,53704386.0,169.02
1323,169.58,0.8523231725362521,-0.005896574090448084,42104826.0,169.89
1324,168.45,0.5706134094151091,-0.34313435484825916,37425513.0,169.3
1325,169.67,1.0276210276210385,0.5749851807943087,42451209.0,173.5
1326,167.78,1.18484830351265,-0.6042654028436079,49709336.0,170.33
1327,175.04,4.341103710751672,3.9800403944398175,91070275.0,169.3
1328,176.55,2.3821824235118565,1.3141283140135547,101670886.0,173.03
1329,172.69,2.394202898550722,-1.5225821167883302,73531773.0,183.38
1330,169.38,3.262613656623272,-1.379912663755461,73711235.0,181.71
1331,168.0,1.5773809523809559,-0.949236483697903,50901210.0,182.4
1332,167.04,1.2548784148904082,-0.5891805034815266,43122903.0,182.74
1333,164.93,1.4170348925796235,-0.7701101016786,67767819.0,184.57
1334,165.84,1.5111974267160166,0.19635682566535786,48116443.0,183.05
1335,166.9,1.2915352898375114,0.937405503477479,49537761.0,186.28
1336,169.02,1.859093917333496,1.4891317401225042,48251835.0,
1337,169.89,1.4623157386422092,0.21530747677332585,50558329.0,
1338,169.3,1.2767466603617428,-0.3414174711561008,44838354.0,
1339,173.5,1.6926632004621647,0.07498413797081124,68169419.0,
1340,170.33,2.935294117647064,-1.7308025154329891,65934776.0,
1341,169.3,2.125835255159363,-0.1651138105908722,50383147.0,
1342,173.03,1.4775586634677313,0.30143180105501727,94214915.0,
1343,183.38,2.375999124055624,-1.749310187789662,163224109.0,
1344,181.71,2.0951114067176593,-0.3531592397205465,78569667.0,
1345,182.4,1.974409883079645,-0.5723630417007267,77305771.0,
1346,182.74,0.8928079360705453,-0.06015859994530228,45057087.0,
1347,184.57,1.4002525945856805,1.1010078878176988,48982972.0,
1348,183.05,1.6252127601164048,-1.0005408328826362,50759496.0,
1349,186.28,1.3432997508395568,0.4556852805565286,72044809.0,
