Date,Adj. Open,Adj. High,Adj. Low,Adj. Close,Adj. Volume
2019/1/2,37.377,38.3281,37.2125,38.1048,153504636.2
2019/1/3,34.7431,35.1588,34.2635,34.3094,378427243
2019/1/4,34.8746,35.8446,34.6991,35.7729,242886638.3
2019/1/7,35.8786,35.9104,35.2046,35.6911,227016761
2019/1/8,36.0899,36.6342,35.8367,36.3711,170022160.9
2019/1/9,36.5016,37.2872,36.1059,36.9911,186905169.1
2019/1/10,36.7988,37.1477,36.399,37.1098,148286657.6
2019/1/11,36.8915,37.0849,36.5565,36.7479,111993038.9
2019/1/14,36.397,36.4967,36.0052,36.1976,134438472.1
2019/1/15,36.2623,37.0091,36.2105,36.9383,118984862.7
2019/1/16,36.9413,37.6133,36.9214,37.389,126690743.8
2019/1/17,37.2055,38.043,36.9802,37.6083,123588530.1
2019/1/18,38.0031,38.0958,37.6352,37.8376,139875145.7
2019/1/22,37.7389,37.8147,36.8287,36.9891,125962433
2019/1/23,37.1926,37.4378,36.6044,37.1357,95860558.06
2019/1/24,37.1826,37.2753,36.6144,36.8456,105438003.5
2019/1/25,37.5216,38.1546,37.2354,38.0679,139033312.8
2019/1/28,37.5933,37.7209,37.0749,37.7129,108548351.9
2019/1/29,37.701,38.1546,37.1826,37.3252,172350960.7
2019/1/30,39.3939,40.0927,38.6671,39.8714,253258672.1
2019/1/31,40.0837,40.7787,39.7059,40.1625,168838270.8
2019/2/1,40.2881,40.7737,40.0399,40.1794,135387323.5
2019/2/4,40.3938,41.4177,40.3658,41.3239,130527864.2
2019/2/5,41.7128,42.2441,41.5861,42.0278,149616807.5
2019/2/6,42.1375,42.3628,41.7098,42.0428,117033997.2
2019/2/7,41.5981,41.973,41.1026,41.2472,131547814.8
2019/2/8,40.9501,41.3599,40.8105,41.297,98296065.29
2019/2/11,41.4495,41.4875,41.0149,41.0568,86631992.56
2019/2/12,41.2202,41.4376,41.1246,41.4107,91955742.76
2019/2/13,41.5303,41.7975,41.1784,41.2402,92808754.72
2019/2/14,41.1266,41.5015,41.0458,41.3897,90107938.7
2019/2/15,41.4975,41.6081,41.1366,41.3,101625620.3
2019/2/19,41.1266,41.5433,41.0728,41.4197,78293733.43
2019/2/20,41.4815,42.0029,41.4346,41.6898,107764168.2
2019/2/21,41.633,41.7706,41.2701,41.4515,71182919.88
2019/2/22,41.5781,41.9232,41.5283,41.9152,78047492.63
2019/2/25,42.2013,42.622,42.1495,42.2193,90263140.66
2019/2/26,42.0926,42.4814,41.965,42.2441,70442355.87
2019/2/27,41.975,42.4077,41.8594,42.3757,114866210.1
2019/2/28,42.2411,42.3857,41.9032,41.961,116434433
2019/3/1,42.2311,42.4445,41.8952,42.3997,106822499.7
2019/3/4,42.5772,43.0766,42.1544,42.616,113218913.8
2019/3/5,42.639,42.6519,42.294,42.5382,81448923.17
2019/3/6,42.3259,42.5283,42.1475,42.289,85876649.61
2019/3/7,42.1295,42.2711,41.6878,41.8035,102325333
2019/3/8,41.2741,41.941,41.0748,41.9012,99036351.46
2019/3/11,42.5283,43.4016,42.4944,43.3528,132097527.5
2019/3/12,43.6199,44.266,43.4634,43.8423,133981542.6
2019/3/13,44.1613,44.4215,43.8453,44.0337,128059578.3
2019/3/14,44.5631,44.6129,44.239,44.5232,97303784.83
2019/3/15,44.7934,45.3925,44.5261,45.1024,161115451.2
2019/3/18,45.0227,45.6548,45.0207,45.563,108199411.8
2019/3/19,45.6448,45.8013,45.0526,45.2011,130592692.3
2019/3/20,45.1293,45.9209,44.7634,45.598,128070753.3
2019/3/21,46.0445,47.5769,45.9957,47.2728,210599149.1
2019/3/22,47.3346,47.9038,46.229,46.2958,175000526.8
2019/3/25,46.4104,46.5221,45.2191,45.7415,180933074.4
2019/3/26,46.4474,46.7405,44.7266,45.2659,205508132.6
2019/3/27,45.7435,45.9827,45.2071,45.6747,123173259.3
2019/3/28,45.7933,45.9369,45.4424,45.7365,85752757.87
2019/3/29,45.9997,46.0575,45.6926,46.0286,97239623.72
2019/4/1,46.4404,46.4503,45.6528,46.3436,114975865.5
2019/4/2,46.3058,47.1232,46.2958,47.0186,93945632.89
2019/4/3,46.8331,47.6197,46.8073,47.3376,96034112.83
2019/4/4,47.202,47.5869,46.8053,47.4183,78877440.45
2019/4/5,47.6068,47.7623,47.4781,47.7394,76452507.38
2019/4/8,47.5998,48.525,47.5799,48.4941,106804046.5
2019/4/9,48.543,49.1571,48.2807,48.3455,147602091.9
2019/4/10,48.1451,48.6446,48.0255,48.6148,89528317.11
2019/4/11,48.6706,48.7054,48.0873,48.2109,86249792.32
2019/4/12,48.2737,48.504,47.5479,48.191,114557860.4
2019/4/15,48.1192,48.4323,47.9836,48.2807,72367159.08
2019/4/16,48.3355,48.7962,48.1153,48.2857,106039344.1
2019/4/17,48.3555,49.2856,48.1272,49.2238,119287429.7
2019/4/18,49.2218,49.4711,49.0773,49.3994,99846847.12
2019/4/22,49.1531,49.6615,49.0335,49.5628,80219705.19
2019/4/23,49.5409,50.3435,49.4093,50.2766,96245231.83
2019/4/24,50.2467,50.5179,50.171,50.1989,72383516.83
2019/4/25,50.1212,50.3464,49.7063,49.7463,76520851.2
2019/4/26,49.6515,49.6765,48.9777,49.509,76957846.08
2019/4/29,49.5339,49.9138,49.3994,49.5827,91630534.82
2019/4/30,49.2059,49.2916,48.2509,48.6276,192032167
2019/5/1,50.8598,52.1768,50.7014,51.0174,267518065
2019/5/2,50.8518,51.5288,50.4371,50.6834,132036824.9
2019/5/3,51.1061,51.3334,50.9476,51.3125,86215009.54
2019/5/6,49.507,50.6067,49.3146,50.5179,133880556.5
2019/5/7,49.8928,50.2607,48.6626,49.1601,159963240.4
2019/5/8,48.9267,49.7613,48.8889,49.167,108693246.5
2019/5/9,48.5608,48.8719,47.6596,48.6406,144054723.6
2019/5/10,48.0255,48.3755,46.895,47.9667,169400538.6
2019/5/13,45.6647,46.0874,44.4783,45.1792,236085478.4
2019/5/14,45.3447,46.1423,45.1024,45.897,150165983.5
2019/5/15,45.3088,46.6477,45.2529,46.4444,109119872.8
2019/5/16,46.1941,46.8232,45.9389,46.236,135785142.3
2019/5/17,45.4723,46.4404,45.4294,45.9767,135159170.7
2019/5/20,44.6448,44.8452,43.8572,44.5381,158727183.6
2019/5/21,45.0556,45.7365,44.932,45.3905,116602054.7
2019/5/22,44.923,45.1772,44.4095,44.4603,122290196
2019/5/23,43.7395,43.922,43.254,43.7047,150166227.3
2019/5/24,43.8373,44.3089,43.4494,43.5352,97486196.53
2019/5/28,43.5222,43.935,43.277,43.3568,114889136.8
2019/5/29,42.9171,43.6299,42.8154,43.1494,117080207.7
2019/5/30,43.287,43.6,42.9769,43.3737,87224528.43
2019/5/31,42.8703,43.297,42.5712,42.5891,111170603
2019/6/3,42.7197,43.28,41.4197,42.1544,166059934.1
2019/6/4,42.6808,43.7475,42.4545,43.6997,127302917.3
2019/6/5,44.8282,45.0008,44.0636,44.4075,122392429.9
2019/6/6,44.5361,45.1184,44.3108,45.0556,92601030.04
2019/6/7,45.3676,46.6876,45.1911,46.2539,126137228.6
2019/6/10,46.6617,47.5261,46.6148,46.8471,107788522.3
2019/6/11,47.3985,47.6826,47.0954,47.3865,110715539.1
2019/6/12,47.1821,47.6746,47.0435,47.2369,75035107.15
2019/6/13,47.3595,47.872,47.0954,47.23,89099924.39
2019/6/14,46.5979,47.0914,46.2918,46.887,77124560.05
2019/6/17,46.9249,47.4243,46.7475,47.1672,60301840.19
2019/6/18,47.6945,48.7194,47.4861,48.2757,109145719.4
2019/6/19,48.5728,48.6226,47.9996,48.1322,86837381.14
2019/6/20,48.7384,48.7982,48.1711,48.525,88439578.32
2019/6/21,48.3635,48.857,48.2009,48.3575,196498386.5
2019/6/24,48.2977,48.6895,48.2059,48.3077,74900402.52
2019/6/25,48.2707,48.4762,47.5061,47.5749,86615808.35
2019/6/26,48.1073,48.8919,48.0096,48.6028,107158181.4
2019/6/27,48.7194,49.0355,48.548,48.5878,85914442.54
2019/6/28,48.3336,48.533,47.9338,48.1451,127889450
2019/7/1,49.4212,49.7463,48.8081,49.0305,112293498.6
2019/7/2,48.9955,49.4113,48.9835,49.3176,69617194.61
2019/7/3,49.4492,49.7343,49.3086,49.7263,46707031.21
2019/7/5,49.4671,49.8898,49.3564,49.6815,70974996.6
2019/7/8,48.847,48.9935,48.2657,48.6546,104161886.9
2019/7/9,48.4622,49.0205,48.3655,48.9547,84591986.03
2019/7/10,49.1052,49.5598,49.0335,49.4372,73571454.27
2019/7/11,49.4572,49.7213,49.0703,49.0803,83004505.6
2019/7/12,49.2488,49.6247,49.187,49.4542,72330294.98
2019/7/15,49.6465,50.0802,49.6247,49.9217,69667359.16
2019/7/16,49.7712,50.139,49.504,49.7483,69336010.55
2019/7/17,49.6366,49.8948,49.4472,49.4671,57992829.63
2019/7/18,49.6247,50.0822,49.5529,50.0294,76387442.52
2019/7/19,50.0613,50.2308,49.2258,49.2836,86036075.42
2019/7/22,49.5409,50.4123,49.5309,50.4093,91579994.13
2019/7/23,50.7093,50.82,50.4271,50.802,75454494.48
2019/7/24,50.5159,50.8798,50.3983,50.7602,61627245.67
2019/7/25,50.815,50.9018,50.2886,50.3604,57179346.88
2019/7/26,50.4721,51.0214,50.3903,50.5339,72427562.77
2019/7/29,50.7093,51.2407,50.7034,51.0094,89094837.93
2019/7/30,50.7821,51.1261,50.4321,50.7881,139502756.3
2019/7/31,52.6474,53.8528,51.3972,51.8239,284801424.6
2019/8/1,52.0333,53.0382,50.2906,50.7014,222056560.3
2019/8/2,49.9985,50.2138,49.0504,49.6286,167975776
2019/8/5,48.1611,48.3256,46.8471,47.0336,215376716.4
2019/8/6,47.7544,48.1811,47.202,47.9218,147268328.9
2019/8/7,47.536,48.545,47.1512,48.4223,137154188.5
2019/8/8,48.6994,49.511,48.509,49.487,111030594.2
2019/8/9,49.1551,49.511,48.6626,49.0803,100823634.5
2019/8/12,48.7403,49.3396,48.6306,48.9547,92068609.98
2019/8/13,49.0873,51.801,49.0404,51.0293,194686574.9
2019/8/14,49.6077,50.4093,49.4691,49.509,149670350.3
2019/8/15,49.6815,50.0922,48.7533,49.2638,114188912.5
2019/8/16,49.8848,50.5847,49.7761,50.4252,117998548.3
2019/8/19,51.4271,51.9465,51.2865,51.3623,100054422.3
2019/8/20,51.491,52.0981,51.3543,51.3643,110241786.5
2019/8/21,52.0093,52.1719,51.6694,51.9247,88312700.49
2019/8/22,52.0582,52.3602,51.459,51.8797,91191942.09
2019/8/23,51.143,51.7811,49.0833,49.4811,191996235.8
2019/8/26,50.2667,50.5927,50.0702,50.4222,106746913.8
2019/8/27,50.7552,50.9276,49.6985,49.8559,106055698.9
2019/8/28,49.841,50.2308,49.6465,50.184,65350248.09
2019/8/29,50.9147,51.1161,50.4651,51.0393,86031262.78
2019/8/30,51.3165,51.3843,50.5947,50.9745,86665648.91
2019/9/3,50.4073,50.5409,49.8709,50.2268,82148661.03
2019/9/4,50.8878,51.1559,50.6246,51.0832,78697388.92
2019/9/5,51.7691,52.2486,51.6484,52.0811,98068515.33
2019/9/6,52.2686,52.3583,51.8927,52.0751,79293137.56
2019/9/9,52.461,52.8498,51.5388,52.2954,111838405.7
2019/9/10,52.2237,52.9336,51.6973,52.9136,130138081.9
2019/9/11,53.2516,54.6274,53.1698,54.5984,181376491.8
2019/9/12,54.8945,55.2904,54.417,54.4738,131975772.2
2019/9/13,53.7212,53.9186,52.9924,53.4151,162840019.5
2019/9/16,53.1698,53.753,53.128,53.6962,86647550.88
2019/9/17,53.7112,53.9255,53.5038,53.8956,75296901.25
2019/9/18,53.9833,54.414,53.5815,54.3941,105014479.6
2019/9/19,54.2117,54.6384,53.8128,53.9594,90864561.55
2019/9/20,54.0581,54.3423,53.105,53.1698,237429801.4
2019/9/23,53.4629,53.6813,53.1498,53.4071,79528016.81
2019/9/24,53.9764,54.3243,53.0352,53.1578,128731101.4
2019/9/25,53.3662,54.088,53.0222,53.9764,92064992.98
2019/9/26,53.7212,53.9544,53.4331,53.6932,78171119.57
2019/9/27,53.8558,53.9594,53.0582,53.4331,103860410.1
2019/9/30,53.9444,54.8397,53.9186,54.6892,107780773.7
2019/10/1,54.9623,55.7301,54.746,54.8427,148194921.6
2019/10/2,54.4668,54.5954,53.2177,53.4649,146475308.4
2019/10/3,53.3373,53.9594,52.5338,53.9255,124301369.8
2019/10/4,55.0979,55.5476,54.6692,55.429,142332143.3
2019/10/7,55.2534,56.1458,55.1478,55.4419,126498805.1
2019/10/8,55.1428,55.6901,54.7779,54.7959,119919523.9
2019/10/9,55.4349,55.6233,55.0979,55.4349,77929960.22
2019/10/10,55.6573,56.2714,55.5017,56.1856,118610213.4
2019/10/11,56.8805,58.03,56.727,57.678,171959759.1
2019/10/14,57.361,58.1476,57.3052,57.5944,99978948.84
2019/10/15,57.7239,58.032,57.3561,57.4617,94356182.35
2019/10/16,56.9842,57.4418,56.9413,57.2325,78983535.07
2019/10/17,57.4089,57.6641,57.0201,57.4518,70736561.54
2019/10/18,57.2853,58.0151,57.2125,57.7279,99830218.56
2019/10/21,58.0011,58.8455,57.9523,58.7259,91600088.24
2019/10/22,58.8884,59.1456,58.5115,58.5963,92896301.94
2019/10/23,59.1196,59.3969,58.9023,59.3819,81628444.08
2019/10/24,59.7049,59.7766,59.0459,59.4815,73371267.51
2019/10/25,59.3769,60.2503,59.3081,60.2123,75226576.39
2019/10/28,60.4197,60.8633,60.2473,60.8135,98872235.39
2019/10/29,60.7936,60.9839,59.2353,59.4097,146240279.7
2019/10/30,59.7677,59.8983,58.9003,59.4019,127486788.5
2019/10/31,60.3758,60.8434,57.9373,60.7437,142475341.8
2019/11/1,60.9331,62.4933,60.8414,62.4665,154723423.4
2019/11/4,62.8354,62.962,62.3598,62.8772,105730568.2
2019/11/5,62.7656,63.0477,62.5881,62.7854,81799961.65
2019/11/6,62.6988,62.8752,62.3538,62.8134,77670727.91
2019/11/7,63.3707,63.7635,63.2171,63.5412,96909782.69
2019/11/8,63.3577,63.7855,62.9061,63.7117,71535764.86
2019/11/11,63.2631,64.285,63.2591,64.2172,83731468.25
2019/11/12,64.0586,64.3646,63.9041,64.1573,89201702.9
2019/11/13,63.9539,64.8502,63.9399,64.7744,105412620.3
2019/11/14,64.5989,64.8761,64.1922,64.3268,91440522.01
2019/11/15,64.581,65.0924,64.4175,65.0864,102456841
2019/11/18,65.0964,65.4992,64.7146,65.4185,88604243.06
2019/11/19,65.6159,65.6398,64.9998,65.2191,77860712.64
2019/11/20,65.0346,65.1662,63.7755,64.4624,108647670.9
2019/11/21,64.583,64.6597,63.9669,64.1693,123913340.9
2019/11/22,64.3148,64.4594,63.8841,64.1134,66680158.26
2019/11/25,64.3448,65.254,64.2968,65.238,85863023.18
2019/11/26,65.3785,65.4325,64.2918,64.7295,107524696
2019/11/27,65.0446,65.6358,64.9798,65.5999,66508646.71
2019/11/29,65.2929,65.6398,65.1224,65.4553,47584490.51
2019/12/2,65.4603,65.6986,64.5242,64.6977,96740196.99
2019/12/3,63.2661,63.5662,62.7676,63.5462,119946691.5
2019/12/4,63.9399,64.4903,63.8453,64.1065,68636411.11
2019/12/5,64.6079,65.1194,64.3488,65.0446,76193818.72
2019/12/6,65.5112,66.3726,65.4683,66.3027,108392783.8
2019/12/9,66.1293,66.3257,64.8831,65.3726,131400976.3
2019/12/10,65.7854,66.1463,65.1124,65.7554,92407481.47
2019/12/11,65.8372,66.3975,65.7604,66.3177,80530139.2
2019/12/12,65.5859,66.7544,65.4723,66.4862,140605626.1
2019/12/13,66.4862,67.4273,66.3556,67.3914,136505354.4
2019/12/16,67.8401,68.7722,67.8361,68.5449,130986387.6
2019/12/17,68.4731,69.0125,68.2837,68.6765,116674305.4
2019/12/18,68.53,69.0434,68.3635,68.516,118507109.8
2019/12/19,68.4572,68.866,68.3216,68.5828,100551243.1
2019/12/20,69.1231,69.2249,68.2239,68.4423,281859051
2019/12/23,68.7064,69.6176,68.6666,69.5588,100759210.6
2019/12/24,69.7273,69.7762,69.2907,69.6226,49484504.34
2019/12/26,69.7592,71.0214,69.7303,71.0034,95272186.86
2019/12/27,71.3015,71.9974,70.5647,70.9755,149408092.8
2019/12/30,70.8938,71.6864,69.8549,71.3983,147230550.1
2019/12/31,71.0084,71.9246,70.9077,71.9176,103085454.5
2020/1/2,72.5537,73.6225,72.2955,73.5616,138461336.4
2020/1/3,72.779,73.6185,72.6185,72.8488,149575255.2
2020/1/6,71.9515,73.4649,71.7023,73.425,121038376.3
2020/1/7,73.435,73.6972,72.8607,73.0831,113823807.2
2020/1/8,72.781,74.5626,72.779,74.2575,135109542.8
2020/1/9,75.2475,76.0261,74.9963,75.8377,174022747.5
2020/1/10,76.069,76.5785,75.4968,76.0042,143791287.5
2020/1/13,76.3262,77.6581,76.2036,77.6312,124619469.1
2020/1/14,77.5664,77.7788,76.4578,76.5814,165987098.6
2020/1/15,76.378,77.2723,75.8187,76.2514,124452720.1
2020/1/16,76.8057,77.3191,76.4378,77.2075,111086571.4
2020/1/17,77.4597,78.0659,77.1497,78.0639,140675344.1
2020/1/21,77.688,78.1337,77.3929,77.5345,113142600.7
2020/1/22,78.026,78.373,77.717,77.8106,103944877
2020/1/23,77.8635,78.2663,77.3072,78.1845,106639144.1
2020/1/24,78.4378,79.1884,77.7658,77.9592,149577302.4
2020/1/27,75.9373,76.3581,74.6702,75.6692,165299314.1
2020/1/28,76.5615,77.9821,76.4618,77.8086,165599334.4
2020/1/29,79.4646,80.2961,78.7089,79.4367,221092872.8
2020/1/30,78.5106,79.3749,78.0679,79.321,129372404.5
2020/1/31,78.6032,79.0329,75.5066,75.8087,203728659.3
2020/2/3,74.5307,76.7818,74.0192,75.5984,177594773.8
2020/2/4,77.2255,78.2862,76.8157,78.0938,139450517.5
2020/2/5,79.2354,79.5414,78.1157,78.7269,121291829
2020/2/6,79.005,79.6541,78.4428,79.6511,107612495
2020/2/7,79.1416,79.3948,78.0679,78.5684,119840872.7
2020/2/10,77.1317,78.9402,77.05,78.9402,111352920.4
2020/2/11,79.4447,79.5185,78.2443,78.4676,96051803.63
2020/2/12,78.9203,80.3339,78.9203,80.3279,115814658.3
2020/2/13,79.5883,80.0867,79.3819,79.7557,96484032.01
2020/2/14,79.7248,80.0279,79.2602,79.7757,81582055.01
2020/2/18,77.4199,78.5006,77.2374,78.3161,155561889.1
2020/2/19,78.5604,79.6829,78.5604,79.4487,95706433.38
2020/2/20,79.2054,79.7029,78.1207,78.6362,102409056.6
2020/2/21,78.2224,78.668,76.2265,76.8536,132082808.7
2020/2/24,72.9794,74.6742,71.0054,73.2037,226267540.7
2020/2/25,73.8836,74.2715,70.2458,70.7223,234901062.7
2020/2/26,70.3444,73.1329,70.3374,71.8458,202355599.9
2020/2/27,69.0125,70.2148,67.0106,67.1492,326481344.7
2020/2/28,63.1603,68.3515,62.939,67.1093,434708545
2020/3/2,69.2976,74.0032,68.181,73.3552,347654230.1
2020/3/3,74.5496,74.6304,70.165,71.0284,325330515.1
2020/3/4,72.777,74.4868,71.9615,74.3233,223195207.9
2020/3/5,72.5507,73.5397,71.5408,71.9096,191010572.4
2020/3/6,69.2289,71.3963,69.0434,70.9556,230322184.6
2020/3/9,64.7515,68.2717,64.5671,65.3427,292000076.3
2020/3/10,68.0354,70.3235,66.1313,70.0513,290518663.4
2020/3/11,68.0983,69.0414,66.7424,67.6197,261078616
2020/3/12,62.8334,66.2858,60.8833,60.9411,426143545.3
2020/3/13,65.0286,68.7194,62.1016,68.2419,377526630.3
2020/3/16,59.3999,63.604,58.9203,59.4637,328332595.2
2020/3/17,60.7637,63.2441,58.5285,62.0796,329994914.2
2020/3/18,58.8625,61.3758,58.2114,60.5572,305736080.6
2020/3/19,60.7338,62.0756,59.5613,60.0927,276839408.6
2020/3/20,60.6829,61.8254,55.9723,56.2783,409055319.1
2020/3/23,55.9912,56.0959,52.1968,55.084,342924585.6
2020/3/24,58.027,60.8085,57.5206,60.6082,292800749.1
2020/3/25,61.5592,63.3996,59.9741,60.2771,309166230.5
2020/3/26,60.5204,63.5063,60.4805,63.4465,257189423.2
2020/3/27,62.0528,62.8154,60.65,60.8215,207959340.6
2020/3/30,61.5563,62.7296,61.2292,62.5562,171054986.7
2020/3/31,62.7486,64.4424,61.8683,62.4265,200612509.3
2020/4/1,60.5164,61.0597,58.7039,59.1456,179448151.8
2020/4/2,59.003,60.1845,58.1576,60.1306,168975082.8
2020/4/3,59.6062,60.321,58.6681,59.2682,132260413.8
2020/4/6,61.5941,64.5929,61.2242,64.4374,205519093.9
2020/4/7,66.4812,66.7035,63.586,63.6897,206605691.2
2020/4/8,64.5023,65.6398,64.1294,65.3187,171990670.1
2020/4/9,65.9648,66.3027,64.9858,65.7934,165087641.4
2020/4/13,65.873,67.195,65.2599,67.0834,133424210.8
2020/4/14,68.7394,70.7641,68.2618,70.472,198568402.3
2020/4/15,69.3275,70.2956,68.8948,69.828,133558265.5
2020/4/16,70.5498,70.7512,69.3156,70.3843,160004830.9
2020/4/17,69.8909,70.4441,67.9667,69.4272,219194852.1
2020/4/20,68.2369,69.1511,67.9647,67.9846,132397817.6
2020/4/21,67.8261,68.0634,65.1622,65.887,184308646.3
2020/4/22,67.1721,68.2239,66.8251,67.7813,119202705.1
2020/4/23,67.7275,69.1681,67.4822,67.5211,127101830.9
2020/4/24,68.0514,69.48,68.0016,69.4701,128827287.9
2020/4/27,69.1799,69.8549,68.7264,69.52,119233467.6
2020/4/28,69.9865,70.173,68.2997,68.3923,114057488.8
2020/4/29,69.9007,71.1151,69.6944,70.6365,139796796.5
2020/4/30,71.1879,72.3055,70.7881,72.128,186418930.5
2020/5/1,70.2756,73.4021,70.177,70.9656,245026539.6
2020/5/4,70.9914,72.1001,70.2916,71.9695,136015878.9
2020/5/5,72.437,73.8946,72.2905,73.0542,150459052.7
2020/5/6,73.765,74.4469,73.3702,73.8069,144942340.7
2020/5/7,74.4419,74.9205,74.1329,74.5666,117326629.1
2020/5/8,75.2375,76.398,74.9055,76.3422,136136151.7
2020/5/11,75.8457,78.0459,75.6323,77.5445,148219805.3
2020/5/12,78.2393,78.695,76.5345,76.6571,164829391
2020/5/13,76.8416,77.7758,74.6374,75.734,203747871.8
2020/5/14,74.9604,76.2594,74.2276,76.1966,161404887.3
2020/5/15,73.9335,75.7968,73.9006,75.7489,168939767.4
2020/5/18,77.0918,77.9104,76.392,77.5325,137481345.3
2020/5/19,77.5495,78.4108,77.052,77.0848,103314290.4
2020/5/20,77.9552,78.6531,77.8376,78.5833,113241895.6
2020/5/21,78.4448,78.9931,77.7558,77.9971,104288541
2020/5/22,77.7319,78.5833,77.6282,78.5006,83077351.12
2020/5/26,79.6361,79.8175,77.9104,77.9672,127477207.4
2020/5/27,77.8216,78.4577,77.0719,78.3091,114704565.5
2020/5/28,77.9771,79.6211,77.697,78.344,135880705.9
2020/5/29,78.5883,79.0559,77.9034,78.2663,155990895.7
2020/6/1,78.2194,79.35,78.0859,79.2284,82280726.63
2020/6/2,78.9571,79.6211,78.5106,79.5963,89008125.24
2020/6/3,79.9202,80.2981,79.338,80.0318,106118990.3
2020/6/4,79.8534,80.1555,78.9651,79.343,88924384.59
2020/6/5,79.5983,81.6649,79.5683,81.6041,139388299.2
2020/6/8,81.297,82.1205,80.5732,82.0866,97144649.91
2020/6/9,81.7616,85.0785,81.7287,84.6777,150013438.6
2020/6/10,85.6397,87.3306,85.1952,86.8561,169247869.4
2020/6/11,85.9878,86.4204,82.5831,82.6878,204803969.3
2020/6/12,84.8581,85.6149,82.274,83.4007,203263944.2
2020/6/15,82.0338,85.0954,81.8683,84.4324,140971299.1
2020/6/16,86.5171,86.9448,84.8581,86.6696,168005792.3
2020/6/17,87.4254,87.4872,86.4263,86.549,116188739.8
2020/6/18,86.5051,87.0066,85.9658,86.5839,98328662.42
2020/6/19,87.2987,87.7743,84.9639,86.0884,268595833.4
2020/6/22,86.4882,88.4851,86.4413,88.3416,137555243
2020/6/23,89.6027,91.6684,89.178,90.2278,215460455
2020/6/24,89.849,90.7831,88.2548,88.6327,195624099.9
2020/6/25,88.7912,89.849,88.0205,89.809,139664850.2
2020/6/26,89.7044,89.9277,86.8999,87.0525,208454353.9
2020/6/29,86.9568,89.1531,86.4733,89.0584,132681293.7
2020/6/30,88.6387,90.0922,88.6187,89.7991,142407696
2020/7/1,89.8788,90.4312,89.5828,89.6296,112462313
2020/7/2,90.5528,91.1958,89.5179,89.6296,115818017.5
2020/7/6,91.0792,92.5019,91.0483,92.0283,120504080.5
2020/7/7,92.4121,93.2027,91.6305,91.7442,114175814.6
2020/7/8,92.7342,93.9105,92.6444,93.8787,118915948.1
2020/7/9,94.7879,94.8407,93.2197,94.2156,127599879.4
2020/7/10,93.8707,94.5077,93.2526,94.4479,91663356.63
2020/7/13,95.7718,98.4278,93.7939,94.0122,194634667.1
2020/7/14,93.3852,95.7619,92.4381,95.5685,173653052.3
2020/7/15,97.4717,97.7269,95.0122,96.2275,155584463.8
2020/7/16,95.08,95.9115,94.432,95.0421,112300262.2
2020/7/17,95.4987,95.6582,94.3692,94.8507,93622996.78
2020/7/20,94.9364,96.9902,94.5895,96.8485,91724887.75
2020/7/21,97.6541,97.7289,95.2585,95.5117,105260439.5
2020/7/22,95.2086,96.4718,95.1189,95.7798,90388127.74
2020/7/23,95.5117,95.5884,90.5986,91.4201,200073384.9
2020/7/24,89.5897,91.5437,87.7793,91.1938,188327648.8
2020/7/27,92.2745,93.45,92.0452,93.3562,123102478.1
2020/7/28,92.9216,93.0991,91.8169,91.8219,105239788.7
2020/7/29,92.3135,93.767,92.2775,93.5846,91736415.8
2020/7/30,92.7422,94.8218,92.3293,94.7161,160593383.6
2020/7/31,101.311,104.79,99.2672,104.64,380126276.6
2020/8/3,106.525,109.925,106.226,107.263,312951800.2
2020/8/4,107.462,109.097,106.715,107.981,175484140.5
2020/8/5,107.701,108.709,107.223,108.369,123892354
2020/8/6,108.719,112.656,108.111,112.158,205582353.3
2020/8/7,111.68,112.138,108.799,109.596,200768792.6
2020/8/10,111.081,112.238,108.509,111.211,215324030.1
2020/8/11,110.453,110.962,107.631,107.901,190486085.5
2020/8/12,109.007,111.75,108.809,111.49,168226607.8
2020/8/13,112.876,114.461,112.388,113.444,212970750
2020/8/14,113.274,113.434,111.52,113.344,167841774.5
2020/8/17,114.481,114.511,112.408,113.055,121205447.3
2020/8/18,112.796,114.421,112.457,113.982,107086030
2020/8/19,114.401,115.577,114.032,114.132,147539193.6
2020/8/20,114.172,116.784,114.152,116.674,128652197.4
2020/8/21,117.641,123.165,117.631,122.675,342702983.7
2020/8/24,126.952,127.032,122.267,124.151,350694505.4
2020/8/25,123.005,123.473,121.38,123.125,214403911.1
2020/8/26,124.471,125.278,123.373,124.809,165263868.3
2020/8/27,125.427,125.746,122.157,123.303,157691271.5
2020/8/28,124.301,124.729,122.885,123.115,190209877.5
2020/8/31,125.846,129.206,124.291,127.292,228806161.5
2020/9/1,130.961,132.964,128.777,132.356,154566647.7
2020/9/2,135.736,136.105,125.288,129.605,202870681.3
2020/9/3,125.198,127.092,118.868,119.236,261141704.9
2020/9/4,118.449,122.028,109.377,119.316,337180601.5
2020/9/8,112.408,117.382,111.161,111.3,234547916.8
2020/9/9,115.677,117.521,113.693,115.737,179373434.6
2020/9/10,118.738,118.868,110.982,111.958,184780712.8
2020/9/11,113.016,113.663,108.509,110.483,183347202.6
2020/9/14,113.165,114.351,111.28,113.793,142077189
2020/9/15,116.724,117.213,112.068,113.962,187180917.7
2020/9/16,113.663,114.421,110.523,110.613,157158334.8
2020/9/17,108.229,110.682,107.233,108.848,180458666.7
2020/9/18,108.907,109.367,104.66,105.398,291052652.2
2020/9/21,103.116,108.699,101.709,108.589,198404934.2
2020/9/22,111.161,111.34,107.681,110.294,185572435.4
2020/9/23,110.104,110.593,105.328,105.658,152791095.3
2020/9/24,103.744,108.759,103.574,106.744,170049864.2
2020/9/25,106.954,110.922,106.196,110.762,152043727.6
2020/9/28,113.444,113.753,111.26,113.394,139565435.9
2020/9/29,112.996,113.743,112.028,112.536,101436385.8
2020/9/30,112.248,115.677,112.078,114.232,144637006.2
2020/10/1,116.037,116.115,114.251,115.209,117717127.5
2020/10/2,111.37,113.793,110.702,111.5,146701815.2
2020/10/5,112.368,115.069,112.008,114.919,107704722.4
2020/10/6,114.122,114.541,110.732,111.64,163718855
2020/10/7,113.065,113.972,112.576,113.514,98180685.43
2020/10/8,114.67,114.82,113.035,113.404,84624986.38
2020/10/9,113.713,115.418,113.354,115.388,101888861.8
2020/10/12,118.439,123.473,117.671,122.705,243529953.6
2020/10/13,123.563,123.683,118.03,119.456,265937564.8
2020/10/14,119.356,121.36,118,119.546,153139455.7
2020/10/15,117.113,119.556,116.545,119.076,114106938.2
2020/10/16,119.636,119.894,117.203,117.412,116980503.5
2020/10/19,118.339,118.788,114.082,114.401,122298161.2
2020/10/20,114.621,117.372,114.052,115.917,126134588.5
2020/10/21,115.089,117.093,114.869,115.289,91182762.17
2020/10/22,115.867,116.435,113.035,114.172,103390315.6
2020/10/23,114.81,114.969,112.726,113.474,83708040
2020/10/26,112.457,114.969,111.36,113.484,113388632.9
2020/10/27,113.913,115.697,112.986,115.019,93545601.42
2020/10/28,113.484,113.853,109.586,109.685,145917006.6
2020/10/29,110.852,115.349,110.682,113.753,148138489
2020/10/30,109.546,110.473,106.246,107.383,193193911.8
2020/11/2,107.631,109.187,105.857,107.293,124556352.2
2020/11/3,108.17,109.975,107.253,108.947,109104313.5
2020/11/4,112.586,114.012,110.832,113.384,140136257.7
2020/11/5,116.345,118,115.289,117.412,128124930
2020/11/6,116.913,117.791,114.75,117.282,115831911.7
2020/11/9,119.076,120.542,114.67,114.939,156370168.1
2020/11/10,114.172,116.185,112.776,114.591,139680268.1
2020/11/11,115.807,118.22,115.059,118.08,113642980.3
2020/11/12,118.21,119.106,117.163,117.801,104591330.8
2020/11/13,118.03,118.259,116.465,117.851,82669203.97
2020/11/16,117.511,119.556,116.744,118.878,92277609.54
2020/11/17,118.14,119.236,117.551,117.98,75162547.69
2020/11/18,117.203,118.409,116.595,116.625,77238306.94
2020/11/19,116.185,117.651,115.428,117.233,75002648.44
2020/11/20,117.243,117.362,115.897,115.947,74487856.99
2020/11/23,115.797,116.215,112.408,112.496,129495384.5
2020/11/24,112.556,114.471,111.26,113.793,115241201.4
2020/11/25,114.162,115.368,113.793,114.65,77417556.03
2020/11/27,115.189,116.085,114.839,115.209,47251828.91
2020/11/30,115.587,119.536,115.428,117.641,171443832.2
2020/12/1,119.576,122.008,118.598,121.26,129705360
2020/12/2,120.572,121.908,119.456,121.619,90072631.33
2020/12/3,122.058,122.317,120.762,121.479,79915584.38
2020/12/4,121.14,121.4,120.074,120.802,79199884.98
2020/12/7,120.862,123.085,120.802,122.287,87657854.15
2020/12/8,122.885,123.493,121.629,122.895,82993188.18
2020/12/9,123.045,124.461,119.566,120.333,116255442.7
2020/12/10,119.076,122.407,118.738,121.779,82287934.55
2020/12/11,120.981,121.3,119.126,120.961,87983441.24
2020/12/14,121.14,121.888,120.094,120.333,80025242.84
2020/12/15,122.855,126.374,122.646,126.354,159463812.7
2020/12/16,125.896,126.844,125.069,126.285,99387519.34
2020/12/17,127.372,128.05,126.514,127.172,95492537.94
2020/12/18,127.432,127.571,124.63,125.168,194852828.5
2020/12/21,123.533,126.784,121.978,126.704,122707096.7
2020/12/22,130.043,132.805,128.119,130.313,171384781.6
2020/12/23,130.591,130.861,129.216,129.395,89282760.39
2020/12/24,129.754,131.878,129.535,130.403,55589463.14
2020/12/28,132.396,135.726,131.927,135.078,125980611.3
2020/12/29,136.414,137.142,132.745,133.264,122500417.2
2020/12/30,133.932,134.38,131.818,132.137,97609967.91
2020/12/31,132.486,133.134,130.153,131.12,100306414.6
2021/1/4,131.937,132.027,125.268,127.88,145022130.4
2021/1/5,127.362,130.173,126.902,129.445,98837299.15
2021/1/6,126.195,129.485,124.889,125.108,156949697.4
2021/1/7,126.834,130.063,126.334,129.355,110893569.5
2021/1/8,130.861,131.061,128.698,130.482,106420600.5
2021/1/11,127.66,128.638,126.972,127.452,101828767
2021/1/12,126.972,128.159,125.368,127.272,93054957.41
2021/1/13,127.232,129.884,126.962,129.325,89700856.79
2021/1/14,129.236,129.435,127.232,127.382,91304807.31
2021/1/15,127.252,128.688,125.497,125.627,112938197.1
2021/1/19,126.255,127.182,125.447,126.304,91846811.51
2021/1/20,127.132,130.921,127.022,130.462,105571775.3
2021/1/21,132.217,138.009,132.007,135.258,121976420.8
2021/1/22,134.67,138.189,133.413,137.411,115833367.1
2021/1/25,141.378,143.363,134.928,141.229,159503736.1
2021/1/26,141.908,142.585,139.684,141.468,99571668.32
2021/1/27,141.738,142.585,138.747,140.372,142534495.6
2021/1/28,137.859,140.302,135.088,135.477,144333199.4
2021/1/29,134.22,135.128,128.678,130.393,179654866.4
2021/2/1,132.167,133.772,129.365,132.546,107515161
2021/2/2,134.121,134.7,133.004,133.383,84305392.52
2021/2/3,134.15,134.16,132.027,132.346,90959898.46
2021/2/4,134.69,135.776,132.984,135.766,85193622.57
2021/2/5,135.926,135.995,134.45,135.347,76488184.87
2021/2/8,134.62,135.546,133.513,135.496,72045430.73
2021/2/9,135.208,136.444,134.44,134.6,77579906.73
2021/2/10,135.068,135.576,132.994,133.982,73813136.21
2021/2/11,134.49,134.978,132.376,133.722,64954604.96
2021/2/12,132.944,134.121,132.317,133.962,60776312.03
2021/2/16,134.081,134.6,131.409,131.808,81421910.02
2021/2/17,129.884,130.851,128.129,129.475,99114588.37
2021/2/18,127.86,128.648,126.076,128.368,97873193.36
2021/2/19,128.897,129.345,127.462,128.528,88588858.27
2021/2/22,126.674,128.378,124.301,124.699,105006950.7
2021/2/23,122.477,125.408,117.163,124.56,159933988.4
2021/2/24,123.643,124.261,120.961,124.051,112205193.1
2021/2/25,123.383,125.148,119.286,119.724,149754794.1
2021/2/26,121.31,123.553,119.934,119.994,166287343.6
2021/3/1,122.467,126.594,121.509,126.454,117528464.8
2021/3/2,127.072,127.382,123.713,123.823,103334103.7
2021/3/3,123.513,124.411,120.572,120.792,114151844.7
2021/3/4,120.482,122.317,117.392,118.888,180024589.7
2021/3/5,119.714,120.672,116.345,120.154,155380276.9
2021/3/8,119.665,119.734,114.999,115.149,155996686.3
2021/3/9,117.801,120.792,117.561,119.824,130885065.4
2021/3/10,120.422,120.901,118.22,118.748,113118096.2
2021/3/11,121.26,121.928,119.994,120.692,104107708.1
2021/3/12,119.156,119.904,117.93,119.764,89029652.7
2021/3/15,120.144,122.705,119.176,122.695,93562229.99
2021/3/16,124.401,125.896,123.413,124.271,116437175.3
2021/3/17,122.755,124.56,121.071,123.463,113107293.3
2021/3/18,121.599,121.898,119.076,119.276,122744497.5
2021/3/19,118.668,120.164,118.439,118.748,187496739.1
2021/3/22,119.086,122.586,119.017,122.107,113086727.8
2021/3/23,122.048,122.945,120.871,121.26,96469005.31
2021/3/24,121.539,121.619,118.818,118.848,89459553
2021/3/25,118.309,120.392,117.771,119.336,99881989.99
2021/3/26,119.106,120.214,117.691,119.944,95058447.9
2021/3/29,120.383,121.3,119.476,120.124,81667345.38
2021/3/30,118.868,119.156,117.631,118.668,86570988.05
2021/3/31,120.383,122.237,119.884,120.881,119565552.5
2021/4/1,122.377,122.885,121.21,121.719,75877143.73
2021/4/5,122.586,124.859,121.789,124.6,89581507.86
2021/4/6,125.198,125.806,124.351,124.909,81012596.33
2021/4/7,124.53,126.584,123.843,126.564,84342642.79
2021/4/8,127.61,129.036,127.182,129.007,89776956.21
2021/4/9,128.458,131.659,128.129,131.619,107806308.4
2021/4/12,131.15,131.469,129.266,129.874,92379372.99
2021/4/13,131.071,133.254,130.561,133.024,92224324.5
2021/4/14,133.532,133.592,130.283,130.661,88138126.63
2021/4/15,132.426,133.592,132.257,133.094,90284739.34
2021/4/16,132.895,133.264,131.897,132.765,85813587.85
2021/4/19,132.127,134.061,131.957,133.433,95253453.9
2021/4/20,133.612,134.121,130.443,131.728,95807339.23
2021/4/21,130.991,132.356,129.933,132.117,69569640
2021/4/22,131.659,132.755,130.043,130.571,85453924.13
2021/4/23,130.791,133.712,130.791,132.915,79583278.86
2021/4/26,133.423,133.652,132.177,133.314,67607192.32
2021/4/27,133.602,134.002,132.715,132.984,66708595.74
2021/4/28,132.905,133.612,131.699,132.197,108890965.7
2021/4/29,135.058,135.656,131.081,132.097,152686653.7
2021/4/30,130.413,132.177,129.695,130.093,110992156.3
2021/5/3,130.671,132.675,130.462,131.169,75923591.98
2021/5/4,129.824,130.123,125.398,126.514,139008365.9
2021/5/5,127.86,129.096,126.634,126.764,84882432.26
2021/5/6,126.554,128.408,125.806,128.398,78948237.74
2021/5/7,129.705,130.113,128.348,129.076,79666723.61
2021/5/10,128.289,128.418,125.706,125.746,88844567.87
2021/5/11,122.427,125.178,121.699,124.819,127250464.8
2021/5/12,122.327,123.553,121.18,121.699,113157247.2
2021/5/13,123.493,125.059,123.175,123.882,106790889.5
2021/5/14,125.158,126.774,124.759,126.334,82637258.82
2021/5/17,125.716,125.826,124.081,125.178,74896552.81
2021/5/18,125.467,125.886,123.693,123.763,63899131.33
2021/5/19,122.087,123.833,121.789,123.603,93425199.29
2021/5/20,124.141,126.604,124.011,126.195,77531992.02
2021/5/21,126.704,126.883,124.121,124.341,79991714.89
2021/5/24,124.919,126.824,124.849,125.996,63646953.47
2021/5/25,126.704,127.202,125.228,125.796,72641785.2
2021/5/26,125.856,126.275,125.328,125.746,57072703.58
2021/5/27,125.348,126.524,123.991,124.191,95456492.33
2021/5/28,124.481,124.709,123.463,123.523,71937278.84
2021/6/1,123.991,124.261,122.855,123.195,68231028.36
2021/6/2,123.205,124.151,122.965,123.972,59799379.24
2021/6/3,123.593,123.763,122.058,122.467,76898525.69
2021/6/4,122.985,125.069,122.765,124.799,75829392.52
2021/6/7,125.079,125.228,123.753,124.809,71681494.02
2021/6/8,125.507,127.342,125.118,125.637,75057101.03
2021/6/9,126.096,126.634,125.427,126.026,57377372.06
2021/6/10,125.916,127.072,124.849,125.019,71811497.35
2021/6/11,125.437,126.324,125.009,126.235,53992343.4
2021/6/14,126.704,129.395,125.966,129.335,97757408.27
2021/6/15,128.817,129.455,128.269,128.518,63297296.19
2021/6/16,129.226,129.744,127.342,129.016,92621238.49
2021/6/17,128.678,131.399,128.528,130.641,97570965.31
2021/6/18,129.565,130.363,129.106,129.315,109910009.6
2021/6/21,129.166,131.259,128.09,131.15,80362825.41
2021/6/22,130.981,132.905,130.472,132.815,75440280.25
2021/6/23,132.605,133.144,132.077,132.536,60742930.52
2021/6/24,133.274,133.463,131.778,132.257,69314337.64
2021/6/25,132.307,132.725,131.659,131.957,71405285.08
2021/6/28,132.257,134.061,132.197,133.602,62656691.15
2021/6/29,133.622,135.308,133.174,135.148,65122936.85
2021/6/30,134.988,136.214,134.69,135.776,63816880.21
2021/7/1,135.417,136.135,134.58,136.075,52946650.51
2021/7/2,136.703,138.787,136.553,138.747,79638779.63
2021/7/6,138.857,141.908,138.857,140.78,109131717.8
2021/7/7,142.286,143.632,141.418,143.313,105832799
2021/7/8,140.342,142.804,139.435,141.996,106502498.6
2021/7/9,141.508,144.389,141.408,143.851,100767924.1
2021/7/12,144.938,145.047,142.744,143.243,76969693.11
2021/7/13,142.804,146.175,142.386,144.379,101712443.3
2021/7/14,146.802,148.268,146.393,147.849,128166395.1
2021/7/15,147.939,148.696,145.815,147.181,107758266.3
2021/7/16,147.161,148.457,144.609,145.117,94070249.85
2021/7/19,142.496,142.814,140.432,141.21,122500867.6
2021/7/20,142.216,145.825,141.718,144.878,97196067.27
2021/7/21,144.27,144.858,143.373,144.14,75651963.97
2021/7/22,144.669,146.892,144.549,145.527,78017248.66
2021/7/23,146.263,147.42,145.645,147.261,72074783.99
2021/7/26,146.972,148.527,146.413,147.69,73070120.75
2021/7/27,147.829,147.909,144.29,145.497,105738971.7
2021/7/28,143.582,145.695,141.299,143.722,119975505.1
2021/7/29,143.432,145.277,143.323,144.379,57197343.61
2021/7/30,143.124,145.057,142.854,144.589,71059152.51
2021/8/2,145.087,145.675,143.991,144.26,63432099.11
2021/8/3,144.549,146.743,143.921,146.075,65355499.06
2021/8/4,145.985,146.493,145.007,145.675,56863231.59
2021/8/5,145.705,146.543,144.898,145.785,46805083.38
2021/8/6,145.297,146.045,144.579,145.087,54520407.21
2021/8/9,145.147,145.645,144.479,145.037,49264338.83
2021/8/10,145.387,146.633,144.26,144.559,69524996.24
2021/8/11,144.997,145.665,144.489,144.809,48846092.97
2021/8/12,145.137,147.969,144.789,147.809,74315612.21
2021/8/13,147.889,148.368,147.191,148.018,59806766.7
2021/8/16,147.46,150.102,145.417,150.032,104311830.9
2021/8/17,149.145,150.59,148.008,149.106,92900401.41
2021/8/18,148.716,149.634,145.097,145.307,86953726.94
2021/8/19,143.991,146.922,143.462,145.645,87592659.89
2021/8/20,146.373,147.42,145.725,147.111,60989928.62
2021/8/23,147.231,149.106,146.812,148.626,60569070.82
2021/8/24,148.368,149.774,148.068,148.537,48959878.98
2021/8/25,148.726,149.234,146.723,147.281,59420264.37
2021/8/26,147.291,148.038,146.443,146.463,48950579.7
2021/8/27,146.413,147.67,145.775,147.52,56208166.58
2021/8/30,147.919,152.385,147.53,152.026,91618133.11
2021/8/31,151.568,151.707,150.202,150.74,87081778.33
2021/9/1,151.737,153.851,151.249,151.418,80897729.02
2021/9/2,152.754,153.591,151.308,152.545,71688853.4
2021/9/3,152.655,153.501,151.997,153.183,58286851.73
2021/9/7,153.841,156.124,153.273,155.556,82876563.54
2021/9/8,155.844,155.904,152.853,153.981,74961368.91
2021/9/9,154.359,154.977,152.833,152.953,57722440.39
2021/9/10,153.871,154.349,147.62,147.889,141917769.2
2021/9/13,149.544,150.332,147.67,148.467,103148982.7
2021/9/14,149.264,149.982,145.855,147.041,110091064.2
2021/9/15,147.48,148.358,145.317,147.949,83886911.94
2021/9/16,147.361,147.889,146.155,147.709,68528873.09
2021/9/17,147.739,147.739,144.709,145.007,130813191.9
2021/9/20,142.764,143.801,140.242,141.908,124376764.1
2021/9/21,142.894,143.562,141.748,142.396,76385404.32
2021/9/22,143.412,145.377,142.665,144.799,76959931.42
2021/9/23,145.595,146.015,144.589,145.775,65309654.65
2021/9/24,144.609,146.403,144.519,145.865,53866744.46
2021/9/27,144.429,144.908,142.784,144.33,74689931.49
2021/9/28,142.216,143.712,140.661,140.88,109764753.9
2021/9/29,141.438,143.412,141,141.798,75144527.89
2021/9/30,142.625,143.343,140.252,140.472,89704257.13
2021/10/1,140.87,141.888,138.109,141.618,95327771.89
2021/10/4,140.731,141.18,137.271,138.139,99036976.36
2021/10/5,138.487,141.21,138.357,140.083,81449059.58
2021/10/6,138.467,141.12,137.371,140.97,83826277.56
2021/10/7,142.026,143.173,141.688,142.256,62181557.29
2021/10/8,142.994,143.144,141.528,141.868,59200535.19
2021/10/11,141.239,143.772,140.78,141.778,64920896.46
2021/10/12,142.196,142.216,140.013,140.482,73566953.58
2021/10/13,140.212,140.372,138.199,139.883,79335460.26
2021/10/14,141.08,142.844,140.482,142.724,70415444.04
2021/10/15,142.734,143.851,142.476,143.801,68434376.73
2021/10/18,142.416,145.785,142.126,145.497,86211555.04
2021/10/19,145.935,148.088,145.497,147.68,76934297.47
2021/10/20,147.62,148.676,147.041,148.178,58843591.75
2021/10/21,147.729,148.557,146.792,148.398,61867625.65
2021/10/22,148.606,149.096,147.56,147.61,59311626.01
2021/10/25,147.6,148.288,146.553,147.56,51089380.67
2021/10/26,148.248,149.754,147.929,148.238,61336193.59
2021/10/27,148.278,148.646,147.41,147.769,56502834.65
2021/10/28,148.736,152.066,148.636,151.478,100805624.7
2021/10/29,146.145,148.856,145.357,148.716,125861791
2021/11/1,147.909,148.616,146.723,147.879,75130641.66
2021/11/2,147.58,150.481,147.57,148.936,69624621.19
2021/11/3,149.304,150.88,148.736,150.402,54907925.63
2021/11/4,150.491,151.338,149.554,149.872,60833787.81
2021/11/5,151.019,151.328,149.195,150.411,65843820.01
2021/11/8,150.541,150.7,149.294,149.574,55340196.13
2021/11/9,149.334,150.561,149.195,149.942,57117513.85
2021/11/10,149.155,149.264,146.991,147.061,65565422.42
2021/11/11,148.098,148.567,146.822,147.011,41237903.93
2021/11/12,147.57,149.534,146.623,149.126,64174311.14
2021/11/15,149.504,151.009,148.567,149.135,59566518.12
2021/11/16,149.076,150.62,148.477,150.132,59600118.3
2021/11/17,150.122,154.1,150.122,152.605,89322414.97
2021/11/18,152.814,157.759,152.176,156.962,138627592
2021/11/19,156.742,160.091,155.625,159.623,117986411.4
2021/11/22,160.739,164.748,160.071,160.091,118149644.8
2021/11/23,160.181,160.859,158.148,160.471,96599304.55
2021/11/24,159.823,161.199,158.726,160.999,69866773.56
2021/11/26,158.646,159.523,155.456,155.904,77406408.13
2021/11/29,158.457,160.251,157.878,159.324,89263290.18
2021/11/30,159.065,164.568,159.005,164.348,175058190.2
2021/12/1,166.512,169.313,163.581,163.82,153307630.1
2021/12/2,157.818,163.252,156.892,162.813,137532775.7
2021/12/3,163.072,164.01,158.806,160.899,118708094
2021/12/6,163.342,166.911,163.332,164.368,108120869.9
2021/12/7,168.097,170.59,167.369,170.191,121104156.3
2021/12/8,171.138,174.947,169.712,174.069,117677934.4
2021/12/9,173.9,175.733,172.922,173.551,109555906.8
2021/12/10,174.189,178.596,173.68,178.416,116072501.3
2021/12/13,180.06,181.078,174.518,174.727,154126370.8
2021/12/14,174.239,176.711,171.218,173.321,140189313.1
2021/12/15,174.099,178.466,171.318,178.266,131823917.4
2021/12/16,178.246,180.09,169.762,171.268,151057486.5
2021/12/17,168.945,172.474,168.705,170.151,197060535
2021/12/20,167.309,169.593,166.492,168.765,108123013.4
2021/12/21,170.57,172.204,168.137,171.996,91715127.06
2021/12/22,172.046,174.847,171.158,174.627,92670033.88
2021/12/23,174.837,175.823,174.259,175.265,68753292.54
2021/12/27,176.063,179.382,176.043,179.294,75354398.09
2021/12/28,179.124,180.28,177.499,178.256,79603673.88
2021/12/29,178.296,179.592,177.11,178.346,62710789.66
2021/12/30,178.436,179.532,177.06,177.169,60119922.99
2021/12/31,177.06,178.196,176.233,176.541,64434063.02
2022/1/3,176.801,181.825,176.681,180.958,105308881.8
2022/1/4,181.576,181.885,178.087,178.665,99886812.66
2022/1/5,178.576,179.134,173.63,173.91,95086276.52
2022/1/6,171.636,174.289,170.65,171.008,97466363.22
2022/1/7,171.896,173.132,170.041,171.178,87212386.51
2022/1/10,168.097,171.506,167.2,171.198,107385194.8
2022/1/11,171.328,174.169,169.832,174.069,76580200.68
2022/1/12,175.106,176.153,173.81,174.518,75239324.16
2022/1/13,174.767,175.605,170.799,171.198,84996211.25
2022/1/14,170.35,172.783,170.101,172.076,80907639.16
2022/1/18,170.52,171.546,168.427,168.815,91697850.53
2022/1/19,169.015,170.091,164.986,165.276,95365273.94
2022/1/20,166.024,168.695,163.232,163.561,91951098.64
2022/1/21,163.472,165.376,161.357,161.467,123561843
2022/1/24,159.105,161.357,153.801,160.679,163650997.6
2022/1/25,158.068,161.817,156.114,158.865,116470433.4
2022/1/26,162.554,163.442,156.912,158.776,108903712.5
2022/1/27,161.507,162.893,157.37,158.307,122662433.9
2022/1/28,164.758,169.363,161.857,169.343,180979963.9
2022/1/31,169.174,173.989,168.526,173.77,116212166.1
2022/2/1,173.012,173.83,171.318,173.6,86714275.78
2022/2/2,173.73,174.867,172.334,174.827,85407078.68
2022/2/3,173.471,175.225,171.128,171.906,89937036
2022/2/4,170.908,173.312,169.912,171.616,82838470.7
2022/2/7,172.086,173.162,170.181,170.889,77600685.92
2022/2/8,170.958,174.557,170.66,174.039,75167742.48
2022/2/9,175.255,175.853,174.109,175.485,71607529.09
2022/2/10,173.351,174.687,170.779,171.348,91276973.67
2022/2/11,171.556,172.304,167.28,167.878,99117069.92
2022/2/14,166.612,168.815,165.814,168.117,86575430.56
2022/2/15,170.201,172.174,169.483,172.016,64577149.14
2022/2/16,171.078,172.564,169.283,171.776,61454162.33
2022/2/17,170.261,171.138,167.709,168.117,69904164.27
2022/2/18,169.055,169.772,165.446,166.542,83147135.33
2022/2/22,164.239,165.944,161.417,163.581,91575175.48
2022/2/23,164.798,165.406,159.035,159.354,90416445.85
2022/2/24,151.897,162.115,151.318,162.006,141786086.8
2022/2/25,163.102,164.378,160.151,164.11,92390310.25
2022/2/28,162.325,164.678,161.697,164.378,95486662.07
2022/3/1,163.95,165.854,161.239,162.464,83852060.96
2022/3/2,163.651,166.602,162.215,165.814,80085421.84
2022/3/3,167.709,168.147,164.808,165.485,77025332.3
2022/3/4,163.75,164.808,161.367,162.435,84198789.34
2022/3/7,162.624,164.278,158.327,158.586,96855041.23
2022/3/8,158.108,162.145,155.097,156.732,131741591.1
2022/3/9,160.749,162.674,158.696,162.215,91868643.9
2022/3/10,159.473,159.663,155.276,157.808,105818596.8
2022/3/11,158.218,158.566,153.801,154.03,97408792.15
2022/3/14,150.77,153.422,149.424,149.942,109224011.5
2022/3/15,150.222,154.868,149.704,154.389,93384869.65
2022/3/16,156.343,159.284,153.761,158.875,102762959.8
2022/3/17,157.898,160.271,156.922,159.893,75957457.96
2022/3/18,159.783,163.74,159.045,163.242,124070454.6
2022/3/21,162.774,165.605,162.285,164.638,96244799.52
2022/3/22,164.768,168.655,164.17,168.057,81900855.47
2022/3/23,167.23,171.866,166.891,169.443,98506306.62
2022/3/24,170.291,173.351,169.443,173.282,90539170.05
2022/3/25,173.092,174.488,171.976,173.929,80910543.99
2022/3/28,171.398,174.937,171.228,174.807,90780755.7
2022/3/29,175.893,178.206,175.545,178.156,101044503.1
2022/3/30,177.748,178.804,175.903,176.97,93052223.09
2022/3/31,177.04,177.229,173.61,173.82,103515477.2
2022/4/1,173.242,174.089,171.168,173.521,79107596.34
2022/4/4,173.78,177.688,173.65,177.638,76892274.68
2022/4/5,176.701,177.499,173.63,174.269,73733853.11
2022/4/6,171.586,172.852,169.363,171.058,89461681.47
2022/4/7,170.39,172.584,169.085,171.368,77945686.04
2022/4/8,171.008,171.008,168.437,169.323,76921932.87
2022/4/11,167.947,168.267,164.758,165.006,72573547.7
2022/4/12,167.26,169.104,165.894,166.901,79623774
2022/4/13,166.632,170.271,166.024,169.633,70938402.32
2022/4/14,169.852,170.5,164.298,164.548,75670163.32
2022/4/18,163.182,165.844,162.833,164.328,69336203.13
2022/4/19,164.278,167.061,163.172,166.642,68030213.7
2022/4/20,167.997,168.117,165.356,166.472,68237125.91
2022/4/21,168.147,170.759,165.166,165.674,87622383.28
2022/4/22,165.714,167.11,160.769,161.059,85266428.97
2022/4/25,160.391,162.435,157.749,162.145,96480886.44
2022/4/26,161.517,161.607,156.014,156.094,96055836.9
2022/4/27,155.207,159.075,154.678,155.864,88461586.25
2022/4/28,158.536,163.77,158.218,162.903,130805888.7
2022/4/29,161.109,165.456,156.542,156.942,132343592.7
2022/5/2,156.004,157.52,152.585,157.25,123611963.4
2022/5/3,157.44,159.982,155.615,158.766,89369007.66
2022/5/4,158.955,165.734,158.546,165.276,108746251.7
2022/5/5,163.112,163.342,154.249,156.064,131115767
2022/5/6,155.536,158.955,153.711,156.802,116478852
2022/5/9,154.454,155.356,151.029,151.598,131979261.8
2022/5/10,155.047,156.264,152.465,154.04,115718629.2
2022/5/11,153.033,154.977,145.367,146.055,143125059.5
2022/5/12,142.336,145.755,138.377,142.126,183159016.3
2022/5/13,144.15,147.655,142.674,146.663,114338548.5
2022/5/16,145.107,147.071,143.742,145.097,86908063.08
2022/5/17,148.408,149.314,146.234,148.786,78575196.34
2022/5/18,146.403,146.912,139.475,140.392,110077629.3
2022/5/19,139.455,141.229,136.185,136.932,136510760.8
2022/5/20,138.667,140.272,132.207,137.171,137845304.1
2022/5/23,137.371,142.824,137.231,142.674,118085355.3
2022/5/24,140.377,141.538,136.913,139.933,104450373.2
2022/5/25,138.009,141.354,137.919,140.093,92764788.02
2022/5/26,136.972,143.901,136.723,143.343,90877902.11
2022/5/27,144.948,149.224,144.819,149.185,91256006.91
2022/5/31,148.616,150.202,146.393,148.388,104034779.4
2022/6/1,149.444,151.279,147.231,148.258,74513225.14
2022/6/2,147.381,150.81,146.413,150.75,72568732.05
2022/6/3,146.453,147.52,144.021,144.938,88840447.34
2022/6/6,146.583,148.117,144.459,145.695,71816770.38
2022/6/7,143.906,148.547,143.662,148.258,68014979.37
2022/6/8,148.128,149.414,147.011,147.51,54114760.66
2022/6/9,146.633,147.5,142.096,142.206,69684883.45
2022/6/10,139.853,140.332,136.643,136.713,91845934.84
2022/6/13,132.466,134.788,131.041,131.479,122579856.8
2022/6/14,132.725,133.483,131.081,132.356,85042936.34
2022/6/15,133.882,136.922,131.758,135.018,91812167.16
2022/6/16,131.679,131.987,128.648,129.665,108290813.7
2022/6/17,129.67,132.674,129.415,131.16,134930605.7
2022/6/21,133.014,136.643,132.915,135.457,81247556.83
2022/6/22,134.38,137.341,133.503,134.938,73633147.88
2022/6/23,136.404,138.169,135.218,137.849,72654706.5
2022/6/24,139.475,141.478,139.345,141.229,89388662.43
2022/6/27,142.261,143.054,140.536,141.229,70422057.15
2022/6/28,141.698,142.986,136.908,137.022,67520654.16
2022/6/29,137.042,140.242,136.254,138.807,66444464.53
2022/6/30,136.833,137.949,133.367,136.304,99266329.81
2022/7/1,135.626,138.617,135.248,138.507,71268274.44
2022/7/5,137.351,141.18,136.514,141.13,73653617.12
2022/7/6,140.925,143.682,140.651,142.486,74290165.83
2022/7/7,142.854,146.105,142.844,145.905,66455796.99
2022/7/8,144.823,147.101,144.559,146.593,64744682.6
2022/7/11,145.227,146.194,143.343,144.429,63498207.14
2022/7/12,145.317,147.998,144.609,145.417,77825421.32
2022/7/13,142.556,146.005,141.688,145.047,71402691.19
2022/7/14,143.642,148.497,142.814,148.018,78379089.99
2022/7/15,149.324,150.402,147.749,149.714,76492540.11
2022/7/18,150.282,151.109,146.254,146.623,81669219.07
2022/7/19,147.47,150.77,146.463,150.541,83235480.98
2022/7/20,150.64,153.253,149.912,152.575,65021138.28
2022/7/21,154.03,155.097,151.478,154.878,65285164.17
2022/7/22,154.917,155.805,152.943,153.621,66878782.27
2022/7/25,153.541,154.569,151.817,152.485,53787509.51
2022/7/26,151.802,152.62,150.342,151.139,55306875.81
2022/7/27,152.116,156.852,151.697,156.314,78860497.93
2022/7/28,156.502,157.16,153.941,156.872,81626953.55
2022/7/29,160.749,163.132,159.015,162.016,102097331.7
2022/8/1,160.521,163.092,160.401,161.019,68036273.12
2022/8/2,159.613,161.916,159.145,159.523,60089754.25
2022/8/3,160.351,166.083,160.261,165.625,82759153.5
2022/8/4,165.5,166.681,163.93,165.306,55643352.01
2022/8/5,162.94,165.575,162.73,165.076,56791036.97
2022/8/8,166.094,167.532,163.928,164.597,60462470.26
2022/8/9,163.748,165.545,162.98,164.647,63240235.53
2022/8/10,167.402,169.06,166.624,168.96,70286942.62
2022/8/11,169.778,170.707,167.911,168.211,57243961.07
2022/8/12,169.539,171.885,169.119,171.815,68152249.35
2022/8/15,171.236,173.103,171.061,172.903,54181424.18
2022/8/16,172.494,173.422,171.378,172.743,56470571.25
2022/8/17,172.484,175.858,172.284,174.261,79673985.56
2022/8/18,173.462,174.61,172.833,173.862,62393405.09
2022/8/19,172.743,173.452,171.026,171.236,70462989.18
2022/8/22,169.409,169.579,166.858,167.292,69141314.34
2022/8/23,166.803,168.431,166.374,166.953,54236901.06
2022/8/24,166.953,167.832,165.97,167.253,53930839.18
2022/8/25,168.5,169.858,168.071,169.748,51303172.49
2022/8/26,170.288,170.767,163.289,163.349,79091964.67
2022/8/29,160.878,162.63,159.555,161.113,73435570.09
2022/8/30,161.861,162.291,157.459,158.647,78035431.94
2022/8/31,160.04,160.314,156.88,156.96,88137055.3
2022/9/1,156.381,158.158,154.414,157.698,74353032.5
2022/9/2,159.485,160.096,154.708,155.552,77085429.64
2022/9/6,156.211,156.83,153.435,154.274,73837125.1
2022/9/7,154.569,156.411,153.356,155.702,87594640.01
2022/9/8,154.384,156.101,152.427,154.204,85064723.2
2022/9/9,155.213,157.559,154.494,157.109,68193942.39
2022/9/12,159.326,163.988,159.036,163.159,105130068.5
2022/9/13,159.635,160.274,153.116,153.585,122860083.3
2022/9/14,154.529,156.84,153.356,155.053,88111330.7
2022/9/15,154.394,154.983,151.129,152.118,90631204.88
2022/9/16,150.96,151.099,148.124,150.45,162548037.8
2022/9/19,149.063,154.304,148.853,154.224,81609399.81
2022/9/20,153.146,157.818,152.826,156.64,107868437.6
2022/9/21,157.079,158.477,153.346,153.465,101865490
2022/9/22,152.128,154.214,150.66,152.487,86796285.85
2022/9/23,150.94,151.219,148.314,150.181,96189208.52
2022/9/26,149.412,153.515,149.392,150.52,93494245.38
2022/9/27,152.487,154.464,149.697,151.509,84582819.11
2022/9/28,147.395,150.392,144.6,149.592,146934726.5
2022/9/29,145.858,146.477,140.447,142.244,128350799.5
2022/9/30,141.046,142.863,137.771,137.971,125132506.7
2022/10/3,137.981,142.833,137.457,142.214,114501289.3
2022/10/4,144.79,145.978,144.021,145.858,87975761.18
2022/10/5,143.836,147.136,142.773,146.158,79602798.67
2022/10/6,145.569,147.296,144.98,145.189,68515638.16
2022/10/7,142.304,142.863,139.214,139.858,86068096.89
2022/10/10,140.187,141.655,138.343,140.187,75023248.45
2022/10/11,139.668,141.116,137.991,138.75,77161459.55
2022/10/12,138.9,140.128,137.931,138.111,70550583.24
2022/10/13,134.766,143.352,134.147,142.753,113411797
2022/10/14,144.071,144.281,137.961,138.151,88744940.02
2022/10/17,140.831,142.663,140.038,142.174,85392357.79
2022/10/18,145.249,146.457,140.377,143.512,99301063.08
2022/10/19,141.455,144.709,141.266,143.622,61860788.02
2022/10/20,142.783,145.648,142.414,143.153,64629021.51
2022/10/21,142.633,147.603,142.413,147.026,86692180.44
2022/10/24,146.941,149.981,145.758,149.202,76107960.85
2022/10/25,149.841,152.237,149.113,152.088,74856259.9
2022/10/26,150.71,151.738,147.795,149.103,88582874.63
2022/10/27,147.825,148.799,143.891,144.56,109361263.8
2022/10/28,147.955,157.239,147.575,155.482,165035687.6
2022/10/31,152.901,153.985,151.668,153.086,98105644.34
2022/11/1,154.823,155.193,148.883,150.401,80512682.53
2022/11/2,148.698,151.918,144.76,144.79,93759899.33
2022/11/3,141.825,142.564,138.52,138.65,98080948.44
2022/11/4,142.09,142.67,134.38,138.38,140814796
2022/11/7,137.11,139.145,135.671,138.92,83374628
2022/11/8,140.41,141.43,137.49,139.5,89908477
2022/11/9,138.5,138.55,134.5933,134.87,74917794
2022/11/10,141.24,146.87,139.5,146.87,118854028
2022/11/11,145.82,150.01,144.37,149.7,93979665
2022/11/14,148.97,150.28,147.43,148.28,73374114
2022/11/15,152.215,153.59,148.5613,150.04,89868332
2022/11/16,149.13,149.87,147.29,148.79,64218266
2022/11/17,146.43,151.48,146.15,150.72,80389400
2022/11/18,152.305,152.7,149.97,151.29,74829573
2022/11/21,150.16,150.37,147.715,148.01,58724070
2022/11/22,148.13,150.42,146.925,150.18,51804132
2022/11/23,149.45,151.83,149.34,151.07,58301395
2022/11/25,148.305,148.88,147.12,148.11,35195860
2022/11/28,145.14,146.64,143.38,144.22,69346522
2022/11/29,144.29,144.81,140.355,141.17,83763803
2022/11/30,141.395,148.72,140.55,148.03,111380880
2022/12/1,148.21,149.13,146.61,148.31,71250416
2022/12/2,145.96,148,145.65,147.81,65447446
2022/12/5,147.77,150.9199,145.77,146.63,68826442
2022/12/6,147.075,147.3,141.92,142.91,64727186
2022/12/7,142.19,143.37,140,140.94,69721094
2022/12/8,142.36,143.52,141.1,142.65,62128338
2022/12/9,142.34,145.57,140.9,142.16,76097011
2022/12/12,142.7,144.5,141.06,144.49,70462654
2022/12/13,149.5,149.9692,144.24,145.47,93886161
2022/12/14,145.35,146.655,141.16,143.21,82291182
2022/12/15,141.11,141.8,136.025,136.5,98931907
2022/12/16,136.685,137.65,133.73,134.51,160156900
2022/12/19,135.11,135.2,131.32,132.37,79592614
2022/12/20,131.39,133.25,129.89,132.3,77432819
2022/12/21,132.98,136.81,132.75,135.45,85927993
2022/12/22,134.352,134.56,130.3,132.23,77852108
2022/12/23,130.92,132.415,129.64,131.86,63814893
2022/12/27,131.38,131.41,128.72,130.03,69007830
2022/12/28,129.67,131.0275,125.87,126.04,85438391
2022/12/29,127.99,130.4814,127.73,129.61,75703710
2022/12/30,128.41,129.95,127.43,129.93,77034209
2023/1/3,130.28,130.9,124.17,125.07,112117471
2023/1/4,126.89,128.6557,125.08,126.36,89113633
2023/1/5,127.13,127.77,124.76,125.02,80962708
2023/1/6,126.01,130.29,124.89,129.62,87754715
2023/1/9,130.465,133.41,129.89,130.15,70790813
2023/1/10,130.26,131.2636,128.12,130.73,63896155
2023/1/11,131.25,133.51,130.46,133.49,69458949
2023/1/12,133.88,134.26,131.44,133.41,71379648
2023/1/13,132.03,134.92,131.66,134.76,57809719
2023/1/17,134.83,137.29,134.13,135.94,63646627
2023/1/18,136.815,138.61,135.03,135.21,69672800
2023/1/19,134.08,136.25,133.77,135.27,58280413
2023/1/20,135.28,138.02,134.22,137.87,80223626
2023/1/23,138.12,143.315,137.9,141.11,81760313
2023/1/24,140.305,143.16,140.3,142.53,66435142
2023/1/25,140.89,142.43,138.81,141.86,65799349
2023/1/26,143.17,144.25,141.9,143.96,54105068
2023/1/27,143.155,147.23,143.08,145.93,70555843
2023/1/30,144.955,145.55,142.85,143,64015274
2023/1/31,142.7,144.34,142.28,144.29,65874459
2023/2/1,143.97,146.61,141.32,145.43,77663633
2023/2/2,148.9,151.18,148.17,150.82,118338980
2023/2/3,148.03,157.38,147.83,154.5,154357337
2023/2/6,152.575,153.1,150.78,151.73,69858306
2023/2/7,150.64,155.23,150.64,154.65,83322551
2023/2/8,153.88,154.58,151.168,151.92,64120079
2023/2/9,153.775,154.33,150.42,150.87,56007143
2023/2/10,149.46,151.3401,149.22,151.01,57450708
2023/2/13,150.952,154.26,150.92,153.85,62199013
2023/2/14,152.12,153.77,150.86,153.2,61707573
2023/2/15,153.11,155.5,152.88,155.33,65669252
2023/2/16,153.51,156.33,153.3475,153.71,68167942
2023/2/17,152.35,153,150.85,152.55,59144118
2023/2/21,150.2,151.3,148.405,148.48,58867230
2023/2/22,148.87,149.95,147.16,148.91,51011305
2023/2/23,150.09,150.34,147.24,149.4,48394249
2023/2/24,147.11,147.19,145.7202,146.71,55469606
2023/2/27,147.71,149.17,147.45,147.92,44998470
2023/2/28,147.05,149.08,146.83,147.41,50546998
2023/3/1,146.83,147.2285,145.01,145.31,55478991
2023/3/2,144.38,146.71,143.9,145.91,52279761
2023/3/3,148.045,151.11,147.33,151.03,70732297
2023/3/6,153.785,156.3,153.46,153.83,87558028
2023/3/7,153.7,154.0299,151.13,151.6,56182028
2023/3/8,152.81,153.47,151.83,152.87,47204791
2023/3/9,153.559,154.535,150.225,150.59,53833582
2023/3/10,150.21,150.94,147.6096,148.5,68572400
2023/3/13,147.805,153.14,147.7,150.47,84457122
2023/3/14,151.28,153.4,150.1,152.59,73695893
2023/3/15,151.19,153.245,149.92,152.99,77167866
2023/3/16,152.16,156.46,151.64,155.85,76254419
2023/3/17,156.08,156.74,154.28,155,98944633
2023/3/20,155.07,157.82,154.15,157.4,73641415
2023/3/21,157.32,159.4,156.54,159.28,73938285
2023/3/22,159.3,162.14,157.81,157.83,75701811
2023/3/23,158.83,161.5501,157.68,158.93,67622060
2023/3/24,158.86,160.34,157.85,160.25,59256343
2023/3/27,159.94,160.77,157.87,158.28,52390266
2023/3/28,157.97,158.49,155.98,157.65,45992152
2023/3/29,159.37,161.05,159.35,160.77,51305691
2023/3/30,161.53,162.47,161.271,162.36,49501689
2023/3/31,162.44,165,161.91,164.9,68749792
2023/4/3,164.27,166.29,164.22,166.17,56976187
2023/4/4,166.595,166.84,165.11,165.63,46278295
2023/4/5,164.74,165.05,161.8,163.76,51511744
2023/4/6,162.43,164.9584,162,164.66,45390123
2023/4/10,161.42,162.03,160.08,162.03,47716882
2023/4/11,162.35,162.36,160.51,160.8,47644217
2023/4/12,161.22,162.06,159.78,160.1,50133062
2023/4/13,161.63,165.8,161.42,165.56,68445649
2023/4/14,164.59,166.32,163.82,165.21,49386480
2023/4/17,165.09,165.39,164.03,165.23,41516217
2023/4/18,166.1,167.41,165.65,166.47,49923008
2023/4/19,165.8,168.16,165.54,167.63,47720166
2023/4/20,166.09,167.87,165.56,166.65,52456377
2023/4/21,165.05,166.4521,164.49,165.02,58337341
2023/4/24,165,165.6,163.89,165.33,41949581
2023/4/25,165.19,166.305,163.73,163.77,48714063
2023/4/26,163.055,165.28,162.8,163.76,45498796
2023/4/27,165.19,168.56,165.19,168.41,64902329
2023/4/28,168.49,169.85,167.8801,169.68,55275851
2023/5/1,169.28,170.45,168.64,169.59,52472936
2023/5/2,170.09,170.35,167.54,168.54,48425696
2023/5/3,169.5,170.92,167.16,167.45,65136018
2023/5/4,164.89,167.04,164.31,165.79,81235427
2023/5/5,170.975,174.3,170.76,173.57,113453171
2023/5/8,172.48,173.85,172.11,173.5,55962793
2023/5/9,173.05,173.54,171.6,171.77,45326874
2023/5/10,173.02,174.03,171.9,173.555,53724501
2023/5/11,173.85,174.59,172.17,173.75,49514676
2023/5/12,173.62,174.06,171,172.57,45533138
2023/5/15,173.16,173.21,171.47,172.07,37266659
2023/5/16,171.99,173.1383,171.7991,172.07,42110293
2023/5/17,171.71,172.925,170.4201,172.69,57951604
2023/5/18,173,175.24,172.58,175.05,65496657
2023/5/19,176.39,176.39,174.94,175.16,55809475
2023/5/22,173.98,174.71,173.45,174.2,43570932
2023/5/23,173.13,173.3794,171.275,171.56,50747263
2023/5/24,171.09,172.4183,170.52,171.84,45143488
2023/5/25,172.41,173.895,171.69,172.99,56058258
2023/5/26,173.32,175.77,173.11,175.43,54834975
2023/5/30,176.96,178.99,176.57,177.3,55964401
2023/5/31,177.325,179.35,176.76,177.25,99625288
2023/6/1,177.7,180.12,176.9306,180.09,68901809
2023/6/2,181.03,181.78,179.26,180.95,61996913
2023/6/5,182.63,184.951,178.035,179.58,121946497
2023/6/6,179.965,180.12,177.43,179.21,64848374
2023/6/7,178.44,181.21,177.32,177.82,61944615
2023/6/8,177.895,180.84,177.46,180.57,50214881
2023/6/9,181.5,182.23,180.63,180.96,48899973
2023/6/12,181.27,183.89,180.97,183.79,54754995
2023/6/13,182.8,184.15,182.44,183.31,54929129
2023/6/14,183.37,184.39,182.02,183.95,57462882
2023/6/15,183.96,186.52,183.78,186.01,65433166
2023/6/16,186.73,186.99,184.27,184.92,101256225
2023/6/20,184.41,186.1,184.41,185.01,49799092
2023/6/21,184.9,185.41,182.5901,183.96,49515697
2023/6/22,183.74,187.045,183.67,187,51245327
2023/6/23,185.55,187.56,185.01,186.68,53116996
2023/6/26,187.3219,188.05,185.23,185.27,48088661
2023/6/27,185.89,188.39,185.67,188.06,50730846
2023/6/28,187.93,189.9,187.6,189.25,51216801
2023/6/29,189.08,190.07,188.94,189.59,46347308
2023/6/30,191.63,194.48,191.26,193.97,85213216
2023/7/3,193.78,193.88,191.76,192.46,31458198
2023/7/5,191.565,192.98,190.62,191.33,46920261
2023/7/6,189.84,192.02,189.2,191.81,45156009
2023/7/7,191.41,192.67,190.24,190.68,46814998
2023/7/10,189.26,189.99,187.035,188.61,59922163
2023/7/11,189.16,189.3,186.6,188.08,46638119
2023/7/12,189.68,191.7,188.47,189.77,60750248
2023/7/13,190.5,191.19,189.78,190.54,41342338
2023/7/14,190.23,191.1799,189.63,190.69,41616242
2023/7/17,191.9,194.32,191.81,193.99,50520159
2023/7/18,193.35,194.33,192.415,193.73,48353774
2023/7/19,193.1,198.23,192.65,195.1,80507323
2023/7/20,195.09,196.47,192.495,193.13,59581196
2023/7/21,194.1,194.97,191.23,191.94,71951683
2023/7/24,193.41,194.91,192.25,192.75,45505097
2023/7/25,193.33,194.44,192.915,193.62,37283201
2023/7/26,193.67,195.64,193.32,194.5,47471868
2023/7/27,196.02,197.2,192.55,193.22,47460180
2023/7/28,194.67,196.626,194.14,195.83,48291443
2023/7/31,196.06,196.49,195.26,196.45,38824113
2023/8/1,196.235,196.73,195.28,195.605,35281426
2023/8/2,195.04,195.18,191.8507,192.58,50389327
2023/8/3,191.57,192.37,190.69,191.17,62243282
2023/8/4,185.52,187.38,181.92,181.99,115956841
2023/8/7,182.13,183.13,177.35,178.85,97576069
2023/8/8,179.69,180.27,177.58,179.8,67823003
2023/8/9,180.87,180.93,177.01,178.19,60378492
2023/8/10,179.48,180.75,177.6,177.97,54686851
2023/8/11,177.32,178.62,176.55,177.79,52036672
2023/8/14,177.97,179.69,177.305,179.46,43675627
2023/8/15,178.88,179.48,177.05,177.45,43622593
2023/8/16,177.13,178.54,176.5,176.57,46964857
2023/8/17,177.14,177.5054,173.48,174,66062882
2023/8/18,172.3,175.1,171.96,174.49,61172150
2023/8/21,175.07,176.13,173.735,175.84,46311879
2023/8/22,177.06,177.68,176.25,177.23,42084245
2023/8/23,178.52,181.55,178.325,181.12,52722752
2023/8/24,180.674,181.104,176.01,176.38,54945798
2023/8/25,177.38,179.15,175.82,178.61,51449594
2023/8/28,180.09,180.59,178.545,180.19,43820697
2023/8/29,179.695,184.9,179.5,184.12,53003948
2023/8/30,184.94,187.85,184.74,187.65,60813888
2023/8/31,187.84,189.12,187.48,187.87,60794467
2023/9/1,189.485,189.92,188.28,189.46,45766503
2023/9/5,188.28,189.98,187.61,189.7,45280027
2023/9/6,188.4,188.85,181.47,182.91,81755816
2023/9/7,175.18,178.21,173.54,177.56,112488803
2023/9/8,178.35,180.239,177.79,178.18,65602066
2023/9/11,180.07,180.3,177.34,179.36,58953052
2023/9/12,179.49,180.13,174.82,176.3,90370192
2023/9/13,176.51,177.3,173.98,174.21,84267928
2023/9/14,174,176.1,173.58,175.74,60895757
2023/9/15,176.48,176.495,173.82,175.01,109259461
2023/9/18,176.48,179.38,176.17,177.97,67257573
2023/9/19,177.52,179.63,177.13,179.07,51826941
2023/9/20,179.26,179.695,175.4,175.49,58436181
2023/9/21,174.55,176.3,173.86,173.93,63149116
2023/9/22,174.67,177.079,174.05,174.79,56725385
2023/9/25,174.2,176.97,174.15,176.08,46172740
2023/9/26,174.82,175.2,171.66,171.96,64588945
2023/9/27,172.62,173.04,169.05,170.43,66921808
2023/9/28,169.34,172.03,167.62,170.69,56294419
2023/9/29,172.02,173.07,170.341,171.21,51861083
2023/10/2,171.22,174.3,170.93,173.75,52164535
2023/10/3,172.255,173.63,170.82,172.4,49594613
2023/10/4,171.09,174.21,170.97,173.66,53020286
2023/10/5,173.79,175.45,172.68,174.91,48527918
2023/10/6,173.8,177.99,173.18,177.49,57266675
2023/10/9,176.81,179.05,175.8,178.99,42390772
2023/10/10,178.1,179.72,177.95,178.39,43698019
2023/10/11,178.2,179.85,177.6,179.8,47551098
2023/10/12,180.07,182.34,179.04,180.71,56743119
2023/10/13,181.42,181.93,178.14,178.85,51456082
2023/10/16,176.75,179.075,176.51,178.72,52516984
2023/10/17,176.645,178.42,174.8,177.15,57549350
2023/10/18,175.58,177.575,175.11,175.84,54764375
2023/10/19,176.04,177.84,175.19,175.46,59302863
2023/10/20,175.31,175.42,172.64,172.88,64244028
2023/10/23,170.91,174.01,169.93,173,55980109
2023/10/24,173.05,173.67,171.45,173.44,43816644
2023/10/25,171.88,173.06,170.65,171.1,57156962
2023/10/26,170.37,171.3775,165.67,166.89,70625258
2023/10/27,166.91,168.96,166.83,168.22,58499129
2023/10/30,169.02,171.17,168.87,170.29,51130955
2023/10/31,169.35,170.9,167.9,170.77,44846017
2023/11/1,171,174.23,170.12,173.97,56934906
2023/11/2,175.52,177.78,175.46,177.57,77334752
2023/11/3,174.24,176.82,173.35,176.65,79829246
2023/11/6,176.38,179.43,176.21,179.23,63841310
2023/11/7,179.18,182.44,178.97,181.82,70529966
2023/11/8,182.35,183.45,181.59,182.89,49340282
2023/11/9,182.96,184.12,181.81,182.41,53763540
2023/11/10,183.97,186.565,183.53,186.4,66177922
2023/11/13,185.82,186.03,184.21,184.8,43627519
2023/11/14,187.7,188.11,186.3,187.44,60108378
2023/11/15,187.845,189.5,187.78,188.01,53790499
2023/11/16,189.57,190.96,188.65,189.71,54412915
2023/11/17,190.25,190.38,188.57,189.69,50941404
2023/11/20,189.89,191.905,189.88,191.45,46538614
2023/11/21,191.41,191.52,189.74,190.64,38134485
2023/11/22,191.49,192.93,190.825,191.31,39630011
2023/11/24,190.87,190.9,189.25,189.97,24048344
2023/11/27,189.92,190.67,188.9,189.79,40552609
2023/11/28,189.78,191.08,189.4,190.4,38415419
2023/11/29,190.9,192.09,188.97,189.37,43014224
2023/11/30,189.84,190.32,188.19,189.95,48794366
2023/12/1,190.33,191.56,189.23,191.24,45704823
2023/12/4,189.98,190.05,187.4511,189.43,43389519
2023/12/5,190.21,194.4,190.18,193.42,66628398
2023/12/6,194.45,194.76,192.11,192.32,41089737
2023/12/7,193.63,195,193.59,194.27,47477655
2023/12/8,194.2,195.99,193.67,195.71,53406358
2023/12/11,193.11,193.49,191.42,193.18,60943699
2023/12/12,193.08,194.72,191.721,194.71,52696900
2023/12/13,195.09,198,194.85,197.96,70404183
2023/12/14,198.02,199.62,196.16,198.11,66831572
2023/12/15,197.53,198.3999,197,197.57,128538401
2023/12/18,196.09,196.63,194.39,195.89,55751861
2023/12/19,196.16,196.95,195.89,196.94,40714051
2023/12/20,196.9,197.68,194.83,194.83,52242815
2023/12/21,196.1,197.08,193.5,194.68,46482549
2023/12/22,195.18,195.41,192.97,193.6,37149570
2023/12/26,193.61,193.89,192.83,193.05,28919310
2023/12/27,192.49,193.5,191.09,193.15,48087681
2023/12/28,194.14,194.66,193.17,193.58,34049898
2023/12/29,193.9,194.4,191.725,192.53,42672148
2024/1/2,187.15,188.44,183.885,185.64,82488674
2024/1/3,184.22,185.88,183.43,184.25,58414460
2024/1/4,182.15,183.0872,180.88,181.91,71983570
2024/1/5,181.99,182.76,180.17,181.18,62379661
2024/1/8,182.085,185.6,181.5,185.56,59144470
2024/1/9,183.92,185.15,182.73,185.14,42841809
2024/1/10,184.35,186.4,183.92,186.19,46792908
2024/1/11,186.54,187.05,183.62,185.59,49128408
2024/1/12,186.06,186.74,185.19,185.92,40477782
2024/1/16,182.16,184.26,180.934,183.63,65603041
2024/1/17,181.27,182.93,180.3,182.68,47317433
2024/1/18,186.09,189.14,185.83,188.63,78005754
2024/1/19,189.33,191.95,188.82,191.56,68902985
2024/1/22,192.3,195.33,192.26,193.89,60133852
2024/1/23,195.02,195.75,193.8299,195.18,42355590
2024/1/24,195.42,196.38,194.34,194.5,53631316
2024/1/25,195.22,196.2675,193.1125,194.17,54822126
2024/1/26,194.27,194.76,191.94,192.42,44594011
2024/1/29,192.01,192.2,189.58,191.73,47145622
2024/1/30,190.94,191.8,187.47,188.04,55859370
2024/1/31,187.04,187.095,184.35,184.4,55467803
2024/2/1,183.985,186.95,183.82,186.86,64885408
2024/2/2,179.86,187.33,179.25,185.85,102551680
2024/2/5,188.15,189.25,185.84,187.68,69668820
2024/2/6,186.86,189.31,186.7695,189.3,43490759
2024/2/7,190.64,191.05,188.61,189.41,53438955
2024/2/8,189.385,189.535,187.35,188.32,40962046
2024/2/9,188.65,189.99,188,188.85,45155216
2024/2/12,188.415,188.67,186.79,187.15,41781934
2024/2/13,185.77,186.21,183.5128,185.04,56529529
2024/2/14,185.32,185.53,182.44,184.15,54630517
2024/2/15,183.55,184.49,181.35,183.86,65434496
2024/2/16,183.42,184.85,181.665,182.31,49752465
2024/2/20,181.79,182.43,180,181.56,53665553
2024/2/21,181.94,182.8888,180.66,182.32,41529674
2024/2/22,183.48,184.955,182.46,184.37,52292208
2024/2/23,185.01,185.04,182.23,182.52,45119677
2024/2/26,182.24,182.76,180.65,181.16,40867421
2024/2/27,181.1,183.9225,179.56,182.63,54318851
2024/2/28,182.51,183.12,180.13,181.42,48953939
2024/2/29,181.27,182.57,179.53,180.75,136682597
2024/3/1,179.55,180.53,177.38,179.66,73563082
2024/3/4,176.15,176.9,173.79,175.1,81510101
2024/3/5,170.76,172.04,169.62,170.12,95132355
2024/3/6,171.06,171.24,168.68,169.12,68587707
2024/3/7,169.15,170.73,168.49,169,71765061
2024/3/8,169,173.7,168.94,170.73,76267041
2024/3/11,172.94,174.38,172.05,172.75,60139473
2024/3/12,173.15,174.03,171.01,173.23,59825372
2024/3/13,172.77,173.185,170.76,171.13,52488692
2024/3/14,172.91,174.3078,172.05,173,72913507
2024/3/15,171.17,172.62,170.285,172.62,121752699
2024/3/18,175.57,177.71,173.52,173.72,75604184
2024/3/19,174.34,176.605,173.03,176.08,55215244
2024/3/20,175.72,178.67,175.09,178.67,53423102
2024/3/21,177.05,177.49,170.84,171.37,106181270
2024/3/22,171.76,173.05,170.06,172.28,71160138
2024/3/25,170.565,171.94,169.45,170.85,54288328
2024/3/26,170,171.42,169.58,169.71,57388449
2024/3/27,170.41,173.6,170.11,173.31,60273265
2024/3/28,171.75,172.23,170.51,171.48,65672690
2024/4/1,171.19,171.25,169.475,170.03,46240500
2024/4/2,169.08,169.34,168.2302,168.84,49329481
2024/4/3,168.79,170.68,168.58,169.65,47691715
2024/4/4,170.29,171.92,168.82,168.82,53704386
2024/4/5,169.59,170.39,168.95,169.58,42104826
2024/4/8,169.03,169.2,168.24,168.45,37425513
2024/4/9,168.7,170.08,168.35,169.67,42451209
2024/4/10,168.8,169.09,167.11,167.78,49709336
2024/4/11,168.34,175.46,168.16,175.04,91070275
2024/4/12,174.26,178.36,174.21,176.55,101670886
2024/4/15,175.36,176.63,172.5,172.69,73531773
2024/4/16,171.75,173.76,168.27,169.38,73711235
2024/4/17,169.61,170.65,168,168,50901210
2024/4/18,168.03,168.64,166.55,167.04,43122903
2024/4/19,166.21,166.4,164.075,164.93,67767819
2024/4/22,165.515,167.26,164.77,165.84,48116443
2024/4/23,165.35,167.05,164.92,166.9,49537761
2024/4/24,166.54,169.3,166.21,169.02,48251835
2024/4/25,169.525,170.61,168.1511,169.89,50558329
2024/4/26,169.88,171.34,169.18,169.3,44838354
2024/4/29,173.37,176.03,173.1,173.5,68169419
2024/4/30,173.33,174.99,170,170.33,65934776
2024/5/1,169.58,172.705,169.11,169.3,50383147
2024/5/2,172.51,173.415,170.89,173.03,94214915
2024/5/3,186.645,187,182.66,183.38,163224109
2024/5/6,182.354,184.2,180.42,181.71,78569667
2024/5/7,183.45,184.9,181.32,182.4,77305771
2024/5/8,182.85,183.07,181.45,182.74,45057087
2024/5/9,182.56,184.66,182.11,184.57,48982972
2024/5/10,184.9,185.09,182.13,183.05,50759496
2024/5/13,185.435,187.1,184.62,186.28,72044809
